common_national_material_code,cpse_name,cpse_material_code,cpse_description,ai_match_confidence_score,match_type,requires_manual_review,approved_by,approval_date
CNM-40161500-001,CPCL,1151193733,"FUEL FILTER ELEM,25 MIC,SERVC:NAPTHA&HSD",0.95,Near-Duplicate,False,Pending,
CNM-40161500-001,IOCL,1151193734,FUEL FILTER ELEMENT 25 MICRON NAPHTHA HSD SERVICE,0.93,Near-Duplicate,False,Pending,
CNM-40161500-001,ONGC,1151193735,FILTER ELEMENT FUEL 25MIC NAPTHA AND HSD,0.91,Near-Duplicate,True,Pending,
CNM-40171600-002,CPCL,4346230824,"ELBOW,W,90,LR,BW,CS,A234,WPB,1 1/2IN,80",0.97,Exact,False,System,2026-08-15
CNM-40171600-002,IOCL,4346230825,ELBOW 90 DEG LONG RADIUS BUTT WELD CS 1.5IN SCH80,0.94,Near-Duplicate,False,Pending,
CNM-40171600-002,NTPC,4346230826,90DEG LR ELBOW BW CARBON STEEL 1.5INCH 80,0.89,Functional-Equivalent,True,Pending,
CNM-41111600-003,CPCL,2942306124,GASKET CHANNEL TUBE SHEET1291X1225 X6.35,0.96,Exact,False,System,2026-08-15
CNM-41111600-003,IOCL,2942306125,GASKET FOR CHANNEL TO TUBE SHEET 1291 X 1225 X 6.35MM,0.94,Near-Duplicate,False,Pending,
CNM-41111600-003,BHEL,2942306126,TUBE SHEET GASKET 1291MM X 1225MM THICKNESS 6.35,0.88,Functional-Equivalent,True,Pending,
