material_code,original_description,standardized_description,unspsc_code,unspsc_description,material_grade,size,pressure_class,make,technical_specifications_json,classification_confidence,suggested_national_code
1102553733,"OIL FLTR ELEMENT,GOVERNOR CTRL",OIL FLTR ELEMENT GOVERNOR CTRL,40161500,Filters and filtration equipment,,,,,"{'material': '', 'size': '', 'pressure_rating': '', 'manufacturer': '', 'service': 'General'}",0.8744521298589673,CNM-40161500-001
1151193733,"FUEL FILTER ELEM,25 MIC,SERVC:NAPTHA&HSD","FUEL FILTER ELEM 25 MIC,SERVC:NAPTHA&HSD",40161500,Fuel filters,,,,,"{'material': '', 'size': '', 'pressure_rating': '', 'manufacturer': '', 'service': 'NAPTHA&HSD'}",0.9198056342822226,CNM-40161500-002
1151193743,"FILTER ELEMENT,6 MIC,SERVC:HSD FUEL","FILTER ELEMENT 6 MIC,SERVC:HSD FUEL",40161500,Fuel filters,,,,,"{'material': '', 'size': '', 'pressure_rating': '', 'manufacturer': '', 'service': 'General'}",0.8801419099561671,CNM-40161500-003
1151193753,"FILT.ELEM,20MIC,SRVC:0FF BASE FUEL FILT.","FILT.ELEM 20MIC,SRVC:0FF BASE FUEL FILT.",40161500,Fuel filters,,,,,"{'material': '', 'size': '', 'pressure_rating': '', 'manufacturer': '', 'service': 'General'}",0.8585344357336496,CNM-40161500-004
1151193783,"FILTER ELEMENT,10 MIC,MAKE: EPE","FILTER ELEMENT 10 MIC,MAKE: EPE",40161500,Hydraulic filters,,,,EPE,"{'material': '', 'size': '', 'pressure_rating': '', 'manufacturer': 'EPE', 'service': 'General'}",0.8877008457998289,CNM-40161500-005
1151193803,"FILTER ELEMENT, 10 MIC,NAP, GT3,MAKE:EPE","FILTER ELEMENT 10 MIC,NAP, GT3,MAKE:EPE",40161500,Hydraulic filters,,,,EPE,"{'material': '', 'size': '', 'pressure_rating': '', 'manufacturer': 'EPE', 'service': 'General'}",0.8810859681000761,CNM-40161500-006
3399990453,"FILTER ELEMENT, EPE:2.0018 G25 A000P",FILTER ELEMENT EPE:2.0018 G25 A000P,40161500,Process filters,,,,,"{'material': '', 'size': '', 'pressure_rating': '', 'manufacturer': '', 'service': 'General'}",0.9734519540795646,CNM-40161500-007
3399994774,"CARTRIDGE FILTER FOR DESAL PLANT,5MICRO",CARTRIDGE FILTER FOR DESAL PLANT 5MICRO,40161500,Water filters,,,,,"{'material': '', 'size': '', 'pressure_rating': '', 'manufacturer': '', 'service': 'General'}",0.9184250953743776,CNM-40161500-008
3399995484,"CARTRIDGE+RETAINER,750MM,CPCL 14T102 A/B","CARTRIDGE+RETAINER 750MM,CPCL 14T102 A/B  750MM",40161500,Process filters,,750MM,,,"{'material': '', 'size': '750MM', 'pressure_rating': '', 'manufacturer': '', 'service': 'General'}",0.9472174610979678,CNM-40161500-009
2810950164,"WINDOW AC EVAPORATING COIL, 192G00159",WINDOW AC EVAPORATING COIL 192G00159,41110000,Air conditioning coils,,,,,"{'material': '', 'size': '', 'pressure_rating': '', 'manufacturer': '', 'service': 'General'}",0.883868723592069,CNM-41110000-010
2810950174,"WIMDOW AC CONDENSING COIL,S.NO-192G00159",WIMDOW AC CONDENSING COIL S.NO-192G00159,41110000,Air conditioning coils,,,,,"{'material': '', 'size': '', 'pressure_rating': '', 'manufacturer': '', 'service': 'General'}",0.8838162048877503,CNM-41110000-011
2810950184,"TOWER AC INDOOR COIL, 48CY",TOWER AC INDOOR COIL 48CY,41110000,Cooling tower components,,,,,"{'material': '', 'size': '', 'pressure_rating': '', 'manufacturer': '', 'service': 'General'}",0.8583278040158171,CNM-41110000-012
2810950344,"TOWER AC OUTDOOR COIL,48CY",TOWER AC OUTDOOR COIL 48CY,41110000,Cooling tower components,,,,,"{'material': '', 'size': '', 'pressure_rating': '', 'manufacturer': '', 'service': 'General'}",0.8995719644467624,CNM-41110000-013
2810950804,PACKAGE AC CAPACITY 11 TR,PACKAGE AC CAPACITY 11 TR,41110000,Package air conditioners,,,,,"{'material': '', 'size': '', 'pressure_rating': '', 'manufacturer': '', 'service': 'General'}",0.9161752621301353,CNM-41110000-014
2810950964,22TR SCROLL COMPRESSOR FOR AC PLANTS,22TR SCROLL COMPRESSOR FOR AC PLANTS  Stainless Steel,41110000,Compressors,Stainless Steel,,,,"{'material': 'Stainless Steel', 'size': '', 'pressure_rating': '', 'manufacturer': '', 'service': 'General'}",0.9403301557581177,CNM-41110000-015
2810951674,"30 TR 16,000 CFM,AHU WITH EXPANSION VALVE,V","30 TR 16 000 CFM,AHU WITH EXPANSION VALVE,V  AHU WITH EXPANSION VALVE",41110000,Air handling units,,AHU WITH EXPANSION VALVE,,,"{'material': '', 'size': 'AHU WITH EXPANSION VALVE', 'pressure_rating': '', 'manufacturer': '', 'service': 'General'}",0.8964749425402525,CNM-41110000-016
2815811013,"COMPRESSOR, 4.3 TR,MODEL: ZR 61/ HRM 060","COMPRESSOR 4.3 TR,MODEL: ZR 61/ HRM 060 Stainless Steel",41110000,Compressors,Stainless Steel,,,,"{'material': 'Stainless Steel', 'size': '', 'pressure_rating': '', 'manufacturer': '', 'service': 'General'}",0.8614403309994682,CNM-41110000-017
2815821003,"COMPRESSOR, 5.5 TR,MODEL: ZR 81 / SM 084","COMPRESSOR 5.5 TR,MODEL: ZR 81 / SM 084 Stainless Steel",41110000,Compressors,Stainless Steel,,,,"{'material': 'Stainless Steel', 'size': '', 'pressure_rating': '', 'manufacturer': '', 'service': 'General'}",0.8611425599108781,CNM-41110000-018
2942306124,GASKET CHANNEL TUBE SHEET1291X1225 X6.35,GASKET CHANNEL TUBE SHEET1291X1225 X6.35   GASKET CHANNEL TUBE SHEET1291X1225 X6.35,41111600,Heat exchanger gaskets,,GASKET CHANNEL TUBE SHEET1291X1225 X6.35,,,"{'material': '', 'size': 'GASKET CHANNEL TUBE SHEET1291X1225 X6.35', 'pressure_rating': '', 'manufacturer': '', 'service': 'General'}",0.9784734525102086,CNM-41111600-019
2942306174,GASKET FLOATING HEAD 1209 X 1177 X 6.4MM,GASKET FLOATING HEAD 1209 X 1177 X 6.4MM   GASKET FLOATING HEAD 1209 X 1177 X 6.4MM,41111600,Heat exchanger gaskets,,GASKET FLOATING HEAD 1209 X 1177 X 6.4MM,,,"{'material': '', 'size': 'GASKET FLOATING HEAD 1209 X 1177 X 6.4MM', 'pressure_rating': '', 'manufacturer': '', 'service': 'General'}",0.9048186539633266,CNM-41111600-020
2942347424,GASKET FLOATING HEAD 494 X 474 X 3MM THK,GASKET FLOATING HEAD 494 X 474 X 3MM THK   GASKET FLOATING HEAD 494 X 474 X 3MM THK,41111600,Heat exchanger gaskets,,GASKET FLOATING HEAD 494 X 474 X 3MM THK,,,"{'material': '', 'size': 'GASKET FLOATING HEAD 494 X 474 X 3MM THK', 'pressure_rating': '', 'manufacturer': '', 'service': 'General'}",0.9480914836392155,CNM-41111600-021
2943361065,"GASKET,111MMX63MMX3MM",GASKET 111MMX63MMX3MM  111MMX63MMX3MM,41111600,General gaskets,,111MMX63MMX3MM,,,"{'material': '', 'size': '111MMX63MMX3MM', 'pressure_rating': '', 'manufacturer': '', 'service': 'General'}",0.9149995213079564,CNM-41111600-022
2943690018,205-E-07 COMPLETE TUBE BUNDLE ASSEMBLY,205-E-07 COMPLETE TUBE BUNDLE ASSEMBLY  Stainless Steel,41111600,Tube bundles,Stainless Steel,,,,"{'material': 'Stainless Steel', 'size': '', 'pressure_rating': '', 'manufacturer': '', 'service': 'General'}",0.9509037743762083,CNM-41111600-023
2943750014,"COMPLETE LUBE OIL COOLER,22-KL-2C",COMPLETE LUBE OIL COOLER 22-KL-2C,41111600,Oil coolers,,,,,"{'material': '', 'size': '', 'pressure_rating': '', 'manufacturer': '', 'service': 'General'}",0.9425014370328084,CNM-41111600-024
2944020004,"GASKET,CC-1E2ABCD,1210X1183X3,B,SIDJA","GASKET CC-1E2ABCD,1210X1183X3,B,SIDJA  1210X1183X3",41111600,Spiral wound gaskets,,1210X1183X3,,,"{'material': '', 'size': '1210X1183X3', 'pressure_rating': '', 'manufacturer': '', 'service': 'General'}",0.9039505361489134,CNM-41111600-025
2944040764,1E-4B FLOATING HEAD COVER WITH SPLITRING,1E-4B FLOATING HEAD COVER WITH SPLITRING,41111600,Floating head covers,,,,,"{'material': '', 'size': '', 'pressure_rating': '', 'manufacturer': '', 'service': 'General'}",0.9002436659724664,CNM-41111600-026
2946330018,73E104A TUBE BUNDLE INCL FLOATIHEAD ASSY,73E104A TUBE BUNDLE INCL FLOATIHEAD ASSY  Stainless Steel,41111600,Tube bundles,Stainless Steel,,,,"{'material': 'Stainless Steel', 'size': '', 'pressure_rating': '', 'manufacturer': '', 'service': 'General'}",0.9278362631309263,CNM-41111600-027
2947740018,15-E-16H ATMOSPHER COLUMN OVHD CONDENSER,15-E-16H ATMOSPHER COLUMN OVHD CONDENSER,41111600,Condensers,,,,,"{'material': '', 'size': '', 'pressure_rating': '', 'manufacturer': '', 'service': 'General'}",0.9184882778901661,CNM-41111600-028
4109100814,"PIPE,CS,SMLS,A106,GRB,PE,1.5IN,80,XS,H2","PIPE CS,SMLS,A106,GRB,PE,1.5IN,80,XS,H2 Carbon Steel XS XS",40141600,Carbon steel pipes,Carbon Steel,XS,XS,,"{'material': 'Carbon Steel', 'size': 'XS', 'pressure_rating': 'XS', 'manufacturer': '', 'service': 'General'}",0.9813685105608572,CNM-40141600-029
4110100354,"PIPE,CS,SMLS,A106,GRB,PE,1/2IN,80,XS","PIPE CS,SMLS,A106,GRB,PE,1/2IN,80,XS Carbon Steel XS XS",40141600,Carbon steel pipes,Carbon Steel,XS,XS,,"{'material': 'Carbon Steel', 'size': 'XS', 'pressure_rating': 'XS', 'manufacturer': '', 'service': 'General'}",0.9022188907677337,CNM-40141600-030
4110100464,"PIPE,CS,SMLS,A106,GRB,PE,3/4IN,80,XS","PIPE CS,SMLS,A106,GRB,PE,3/4IN,80,XS Carbon Steel XS XS",40141600,Carbon steel pipes,Carbon Steel,XS,XS,,"{'material': 'Carbon Steel', 'size': 'XS', 'pressure_rating': 'XS', 'manufacturer': '', 'service': 'General'}",0.8848344284463647,CNM-40141600-031
4110100584,"PIPE,CS,SMLS,A106,GRB,PE,1IN,80,XS","PIPE CS,SMLS,A106,GRB,PE,1IN,80,XS Carbon Steel XS XS",40141600,Carbon steel pipes,Carbon Steel,XS,XS,,"{'material': 'Carbon Steel', 'size': 'XS', 'pressure_rating': 'XS', 'manufacturer': '', 'service': 'General'}",0.8579106910899515,CNM-40141600-032
4110111384,"PIPE,CS,SMLS,A106,GRB,BE,3IN,40","PIPE CS,SMLS,A106,GRB,BE,3IN,40 Carbon Steel 3IN",40141600,Carbon steel pipes,Carbon Steel,3IN,,,"{'material': 'Carbon Steel', 'size': '3IN', 'pressure_rating': '', 'manufacturer': '', 'service': 'General'}",0.9212407529199559,CNM-40141600-033
4110112294,"PIPE,CS,SMLS,A106,GRB,BE,6IN,40,STD","PIPE CS,SMLS,A106,GRB,BE,6IN,40,STD Carbon Steel 6IN STD",40141600,Carbon steel pipes,Carbon Steel,6IN,STD,,"{'material': 'Carbon Steel', 'size': '6IN', 'pressure_rating': 'STD', 'manufacturer': '', 'service': 'General'}",0.9000212721334915,CNM-40141600-034
4110112564,"PIPE,CS,SMLS,A106,GRB,BE,8IN,40","PIPE CS,SMLS,A106,GRB,BE,8IN,40 Carbon Steel 8IN",40141600,Carbon steel pipes,Carbon Steel,8IN,,,"{'material': 'Carbon Steel', 'size': '8IN', 'pressure_rating': '', 'manufacturer': '', 'service': 'General'}",0.9392362529870659,CNM-40141600-035
4140010464,"PIPE,SS,SMLS,A312,GR.TP304,BE,3/4IN,80","PIPE SS,SMLS,A312,GR.TP304,BE,3/4IN,80 Stainless Steel 3/4IN",40141600,Stainless steel pipes,Stainless Steel,3/4IN,,,"{'material': 'Stainless Steel', 'size': '3/4IN', 'pressure_rating': '', 'manufacturer': '', 'service': 'General'}",0.8927904906537414,CNM-40141600-036
4140010953,"PIPE,SS,SMLS,A312,GRTP304,BE,2IN,40S","PIPE SS,SMLS,A312,GRTP304,BE,2IN,40S Stainless Steel 2IN",40141600,Stainless steel pipes,Stainless Steel,2IN,,,"{'material': 'Stainless Steel', 'size': '2IN', 'pressure_rating': '', 'manufacturer': '', 'service': 'General'}",0.891496871891862,CNM-40141600-037
4140150954,"PIPE,SS,SMLS,A312,GRTP316L,BE,2IN,40","PIPE SS,SMLS,A312,GRTP316L,BE,2IN,40 Stainless Steel 2IN",40141600,Stainless steel pipes,Stainless Steel,2IN,,,"{'material': 'Stainless Steel', 'size': '2IN', 'pressure_rating': '', 'manufacturer': '', 'service': 'General'}",0.8958887563805408,CNM-40141600-038
4331014564,"CPLG,FULL,TH,CS,A105,3000,1/2IN","CPLG FULL,TH,CS,A105,3000,1/2IN Carbon Steel 1/2IN 3000",40171600,Couplings,Carbon Steel,1/2IN,3000,,"{'material': 'Carbon Steel', 'size': '1/2IN', 'pressure_rating': '3000', 'manufacturer': '', 'service': 'General'}",0.8564106677752067,CNM-40171600-039
4331055544,"CPLG,RED,TH,CS,A105,3000,3/4x1/4IN","CPLG RED,TH,CS,A105,3000,3/4x1/4IN Carbon Steel 3/4x1/4IN 3000",40171600,Reducing couplings,Carbon Steel,3/4x1/4IN,3000,,"{'material': 'Carbon Steel', 'size': '3/4x1/4IN', 'pressure_rating': '3000', 'manufacturer': '', 'service': 'General'}",0.8588164123324311,CNM-40171600-040
4346084564,"ELBOW,W,90,SW,CS,A105,3000,1/2IN","ELBOW W,90,SW,CS,A105,3000,1/2IN Carbon Steel 1/2IN 3000",40171600,Elbows 90 degree,Carbon Steel,1/2IN,3000,,"{'material': 'Carbon Steel', 'size': '1/2IN', 'pressure_rating': '3000', 'manufacturer': '', 'service': 'General'}",0.9045088661149023,CNM-40171600-041
4346084604,"ELBOW,W,90,SW,CS,A105,3000,3/4IN","ELBOW W,90,SW,CS,A105,3000,3/4IN Carbon Steel 3/4IN 3000",40171600,Elbows 90 degree,Carbon Steel,3/4IN,3000,,"{'material': 'Carbon Steel', 'size': '3/4IN', 'pressure_rating': '3000', 'manufacturer': '', 'service': 'General'}",0.8958346290148383,CNM-40171600-042
4346084644,"ELBOW,W,90,SW,CS,A105,3000,1IN","ELBOW W,90,SW,CS,A105,3000,1IN Carbon Steel 1IN 3000",40171600,Elbows 90 degree,Carbon Steel,1IN,3000,,"{'material': 'Carbon Steel', 'size': '1IN', 'pressure_rating': '3000', 'manufacturer': '', 'service': 'General'}",0.9239944663053453,CNM-40171600-043
4346230824,"ELBOW,W,90,LR,BW,CS,A234,WPB,1 1/2IN,80","ELBOW W,90,LR,BW,CS,A234,WPB,1 1/2IN,80 Carbon Steel 1 1/2IN",40171600,Elbows long radius,Carbon Steel,1 1/2IN,,,"{'material': 'Carbon Steel', 'size': '1 1/2IN', 'pressure_rating': '', 'manufacturer': '', 'service': 'General'}",0.9147424952011801,CNM-40171600-044
4346230914,"ELBOW, 90 LR BW CS A234 WPB 2IN  XS",ELBOW 90 LR BW CS A234 WPB 2IN  XS Carbon Steel 90 LR BW CS A234 WPB 2IN  XS 90 LR BW CS A234 WPB 2IN  XS,40171600,Elbows long radius,Carbon Steel,90 LR BW CS A234 WPB 2IN  XS,90 LR BW CS A234 WPB 2IN  XS,,"{'material': 'Carbon Steel', 'size': '90 LR BW CS A234 WPB 2IN  XS', 'pressure_rating': '90 LR BW CS A234 WPB 2IN  XS', 'manufacturer': '', 'service': 'General'}",0.9262143355918673,CNM-40171600-045
4346231194,"ELBOW,W,90,LR,BW,CS,A234,WPB,3IN,40","ELBOW W,90,LR,BW,CS,A234,WPB,3IN,40 Carbon Steel 3IN",40171600,Elbows long radius,Carbon Steel,3IN,,,"{'material': 'Carbon Steel', 'size': '3IN', 'pressure_rating': '', 'manufacturer': '', 'service': 'General'}",0.8892124867917768,CNM-40171600-046
4346231444,"ELBOW,W,90,LR,BW,CS,A234,WPB,4IN,40","ELBOW W,90,LR,BW,CS,A234,WPB,4IN,40 Carbon Steel 4IN",40171600,Elbows long radius,Carbon Steel,4IN,,,"{'material': 'Carbon Steel', 'size': '4IN', 'pressure_rating': '', 'manufacturer': '', 'service': 'General'}",0.8520400804617295,CNM-40171600-047
4346231694,"ELBOW,W,90,LR,BW,CS,A234,WPB,6IN,40","ELBOW W,90,LR,BW,CS,A234,WPB,6IN,40 Carbon Steel 6IN",40171600,Elbows long radius,Carbon Steel,6IN,,,"{'material': 'Carbon Steel', 'size': '6IN', 'pressure_rating': '', 'manufacturer': '', 'service': 'General'}",0.8999896499893953,CNM-40171600-048
