Row_ID,CPSE_Name,Material_Code_CPSE,Material_Description_Raw,Specification_Raw,Unit_Of_Measurement,Existing_Classification_Code,Plant_Location,Annual_Procured_Qty,Avg_Unit_Price_INR,Vendor_Name,GroundTruth_Material_Cluster_ID,GroundTruth_Standard_Material_Name,GroundTruth_Common_National_Material_Code
1,IOCL,IOC-455007,NITRILE RUBBER O-RING 50X3MM (O-RING NBR 50X3MM),O-RING NBR 50X3MM,PCS,CLS-6383,Haldia Refinery,359,29.87,Vendor-182,CLU-0023,Nitrile Rubber O-Ring 50x3mm,NMC-100023
2,IOCL,IOC-405420,CENTRIFUGAL PUMP IMPELLER CF8M 250MM DIA - 250MM CF8M IMPELLER,250MM CF8M IMPELLER,NOS,CLS-7825,Gujarat Refinery,5,18451.76,Vendor-346,CLU-0036,Centrifugal Pump Impeller CF8M 250mm Dia,NMC-100036
3,HPCL,HPC-482746,ZEOLITE MOLECULAR SIEVE 4A ADSORBENT,-,KGS,CLS-3947,Visakh Refinery,37,279.92,Vendor-658,CLU-0069,Zeolite Molecular Sieve 4A Adsorbent,NMC-100069
4,IOCL,IOC-250219,BOILER TUBE SEAMLESS SA210 GRADE C 51MM OD - 51MM OD SA-210-C SEAMLESS TUBE,51MM OD SA-210-C SEAMLESS TUBE,MTRS,CLS-5508,Haldia Refinery,271,1253.67,Vendor-407,CLU-0050,Boiler Tube Seamless SA210 Grade C 51mm OD,NMC-100050
5,NTPC,NTPC-535810,GREASE LITHIUM COMPLEX EP2 180KG DRUM - EP2 LITHIUM GREASE 180KG,EP2 LITHIUM GREASE 180KG,KGS,CLS-3353,Ramagundam STPS,242,190.8,Vendor-721,CLU-0042,Grease Lithium Complex EP2 180kg Drum,NMC-100042
6,NTPC,NTPC-817675,TRAN BUSH OIL FILL TRANSFORMER BUSHING 33KV OIL TYPE,TRANSFORMER BUSHING 33KV OIL TYPE,EA,CLS-1539,Ramagundam STPS,465,99733.38,Vendor-773,CLU-0054,Transformer Bushing Oil Filled 33kV,NMC-100054
7,SAIL,SAIL-815198,PG 0-100BAR 100MM SS CASE PRESSURE GAUGE 0-100 BAR SS CASE 100MM,PG 0-100BAR 100MM SS CASE,NOS,CLS-7658,Bhilai Steel Plant,346,1077.54,Vendor-898,CLU-0009,Pressure Gauge 0-100 Bar SS Case 100mm,NMC-100009
8,NTPC,NTPC-478120,CENT PUMP IMPE CF8M IMPELLER CF8M DIA 250 MM CENTRIFUGAL PUMP,IMPELLER CF8M DIA 250 MM CENTRIFUGAL PUMP,EACH,CLS-9316,Vindhyachal STPS,493,16943.01,Vendor-619,CLU-0036,Centrifugal Pump Impeller CF8M 250mm Dia,NMC-100036
9,BPCL,BPC-878967,FIRE EXTINGUISHER CO2 TYPE 4.5 KG CAP FIRE EXTINGUISHER CO2 TYPE 4.5KG,FIRE EXTINGUISHER CO2 TYPE 4.5 KG CAP,EA,CLS-5530,Mumbai Refinery,103,3149.15,Vendor-595,CLU-0017,Fire Extinguisher CO2 Type 4.5kg,NMC-100017
10,ONGC,ONG-349565,HEX HEAD BOLT SS304 16MM DIA X 60MM SS304 BOLT,16MM DIA X 60MM SS304 BOLT,EACH,CLS-3167,Ankleshwar Asset,347,68.54,Vendor-652,CLU-0005,Hex Head Bolt SS304 M16x60,NMC-100005
11,CPCL,CPCL-649787,LADLE REFRACTORY LINING BRICK MGO-C (LADLE LINING BRICK MAGNESIA CARBON),LADLE LINING BRICK MAGNESIA CARBON,EACH,CLS-9261,Cauvery Basin Refinery,460,863.14,Vendor-971,CLU-0046,Ladle Refractory Lining Brick MgO-C,NMC-100046
12,SAIL,SAIL-736553,DEWATERING PUMP SUBMERSIBLE 5HP SUBMERSIBLE DEWATERING PUMP 5HP,DEWATERING PUMP SUBMERSIBLE 5HP,NOS,CLS-5106,Rourkela Steel Plant,117,47281.63,Vendor-735,CLU-0024,Submersible Dewatering Pump 5HP,NMC-100024
13,SAIL,SAIL-198246,"SPIR WOUND GASK SS316 4"" #150 SS-316","4"" #150 SS-316",EA,CLS-4257,Bhilai Steel Plant,124,529.02,Vendor-127,CLU-0001,Spiral Wound Gasket SS316 4 Inch Class 150,NMC-100001
14,CPCL,CPCL-240814,A63 V-BELT V-BELT A SECTION 63 INCH,A63 V-BELT,EA,CLS-3546,Cauvery Basin Refinery,64,461.4,Vendor-860,CLU-0008,V-Belt A Section 63 Inch,NMC-100008
15,IOCL,IOC-679364,PG 0-100BAR 100MM SS CASE PRESSURE GAUGE 0-100 BAR SS CASE 100MM,PG 0-100BAR 100MM SS CASE,EACH,CLS-6974,Panipat Refinery,225,1144.1,Vendor-415,CLU-0009,Pressure Gauge 0-100 Bar SS Case 100mm,NMC-100009
16,SAIL,SAIL-358568,BLAST FURNACE REFRACTORY BRICK ALUMINA 65%,-,PCS,CLS-4203,Bokaro Steel Plant,41,323.53,Vendor-731,CLU-0064,Blast Furnace Refractory Brick Alumina 65%,NMC-100064
17,IOCL,IOC-285751,BLIND FLANGE CARBON STEEL 8 INCH CLASS 150 - 8 INCH CLASS 150 CARBON STEEL BLIND FLANGE,8 INCH CLASS 150 CARBON STEEL BLIND FLANGE,EA,CLS-8354,Haldia Refinery,257,3123.84,Vendor-677,CLU-0031,Blind Flange Carbon Steel 8 Inch Class 150,NMC-100031
18,ONGC,ONG-328552,MOTOR BEAR NU 220 NU 220 ROLLER BRG,NU 220 ROLLER BRG,EACH,CLS-3749,Ankleshwar Asset,363,3909.34,Vendor-477,CLU-0015,Motor Bearing NU 220 Cylindrical Roller,NMC-100015
19,HPCL,HPC-591081,20MM X 80MM SS316 NUT BOLT INDUSTRIAL GRADE NUT BOLT SET M20X80 SS316,20MM X 80MM SS316 NUT BOLT,SET,CLS-7511,Visakh Refinery,77,245.91,Vendor-331,CLU-0025,Industrial Grade Nut Bolt Set M20x80 SS316,NMC-100025
20,CIL,CIL-938742,PRESSURE GAUGE 0-100 BAR SS CASE 100MM - PRESSURE GAUGE 100MM 0 TO 100 BAR SS,PRESSURE GAUGE 100MM 0 TO 100 BAR SS,NOS,CLS-6442,SECL Bilaspur,456,1913.19,Vendor-283,CLU-0009,Pressure Gauge 0-100 Bar SS Case 100mm,NMC-100009
21,BPCL,BPC-956253,"BUTTERFLY VALVE CAST IRON 8 INCH WAFER TYPE - 8"" BUTTERFLY VALVE CI WAFER","8"" BUTTERFLY VALVE CI WAFER",NOS,CLS-4728,Kochi Refinery,184,10272.67,Vendor-914,CLU-0010,Butterfly Valve Cast Iron 8 Inch Wafer Type,NMC-100010
22,NTPC,NTPC-139434,STUDDED BOLT WITH 2 NUTS B7 M24X180 (24MM X 180MM B7 STUD SET),24MM X 180MM B7 STUD SET,SETS,CLS-2479,Vindhyachal STPS,193,615.85,Vendor-178,CLU-0032,Studded Bolt with 2 Nuts B7 M24x180,NMC-100032
23,NTPC,NTPC-812711,TITANIUM HEAT EXCHANGER TUBE 25MM OD,-,NOS,CLS-5839,Korba STPS,43,8800.73,Vendor-890,CLU-0056,Titanium Heat Exchanger Tube 25mm OD,NMC-100056
24,SAIL,SAIL-417530,STUDDED BOLT WITH 2 NUTS B7 M24X180 (STUDDED BOLT ASTM A193 B7 M24-180),STUDDED BOLT ASTM A193 B7 M24-180,ST,CLS-2215,Rourkela Steel Plant,307,228.09,Vendor-619,CLU-0032,Studded Bolt with 2 Nuts B7 M24x180,NMC-100032
25,NTPC,NTPC-399449,"PRESSURE SAFETY VALVE 2X3 INCH SET 10 BAR - 2""X3"" PSV SET PRESSURE 10 BAR","2""X3"" PSV SET PRESSURE 10 BAR",EACH,CLS-3009,Korba STPS,474,54949.27,Vendor-304,CLU-0040,Pressure Safety Valve 2x3 Inch Set 10 Bar,NMC-100040
26,HPCL,HPC-667296,O-RING NITRILE 50 X 3 MM NITRILE RUBBER O-RING 50X3MM,O-RING NITRILE 50 X 3 MM,NO,CLS-5708,Visakh Refinery,321,13.42,Vendor-746,CLU-0023,Nitrile Rubber O-Ring 50x3mm,NMC-100023
27,HPCL,HPC-965845,CHAIN LINK FENCING GI 6FT HEIGHT (FENCING CHAIN LINK GI 6' HEIGHT),FENCING CHAIN LINK GI 6' HEIGHT,MET,CLS-2419,Mumbai Refinery,170,409.96,Vendor-950,CLU-0016,Chain Link Fencing GI 6ft Height,NMC-100016
28,HPCL,HPC-234913,10 MM MESH SCREEN STEEL WIRE STEEL WIRE MESH SCREEN 10MM APERTURE,10 MM MESH SCREEN STEEL WIRE,MTR,CLS-6990,Visakh Refinery,206,2058.36,Vendor-447,CLU-0043,Steel Wire Mesh Screen 10mm Aperture,NMC-100043
29,ONGC,ONG-678856,BALL VALVE CARBON STEEL 2 INCH CLASS 300 (2IN 300# CS RF),2IN 300# CS RF,EA,CLS-6925,Ankleshwar Asset,429,18686.88,Vendor-982,CLU-0002,Ball Valve Carbon Steel 2 Inch Class 300,NMC-100002
30,CPCL,CPCL-199096,STUD BOLT WITH 2 24MM X 180MM B7 STUD SET,24MM X 180MM B7 STUD SET,SETS,CLS-3463,Cauvery Basin Refinery,150,326.0,Vendor-972,CLU-0032,Studded Bolt with 2 Nuts B7 M24x180,NMC-100032
31,BPCL,BPC-163780,PLUG VALVE PTFE LINED 3 INCH (DN80 PTFE LINED PLUG VALVE),DN80 PTFE LINED PLUG VALVE,EA,CLS-2768,Kochi Refinery,438,21237.2,Vendor-802,CLU-0028,Plug Valve PTFE Lined 3 Inch,NMC-100028
32,BPCL,BPC-999197,BOILER TUBE SEAMLESS SA210 GRADE C 51MM OD - BOILER TUBE SEAMLESS SA 210 GR C OD51MM,BOILER TUBE SEAMLESS SA 210 GR C OD51MM,MTRS,CLS-7761,Mumbai Refinery,417,1640.84,Vendor-159,CLU-0050,Boiler Tube Seamless SA210 Grade C 51mm OD,NMC-100050
33,ONGC,ONG-170499,TEMP TRAN RTD PT100 PT100 RTD TEMP TRANSMITTER HEAD MOUNT,PT100 RTD TEMP TRANSMITTER HEAD MOUNT,NOS,CLS-7272,Mumbai High Offshore,403,11451.63,Vendor-470,CLU-0039,Temperature Transmitter RTD PT100 Head Mount,NMC-100039
34,IOCL,IOC-640310,CONTINUOUS CASTING MOULD COPPER PLATE (COPPER PLATE MOULD CONTINUOUS CASTING MACHINE),COPPER PLATE MOULD CONTINUOUS CASTING MACHINE,NO,CLS-4027,Gujarat Refinery,49,148141.65,Vendor-197,CLU-0047,Continuous Casting Mould Copper Plate,NMC-100047
35,HPCL,HPC-949541,SINTER PLANT GRATE BAR HIGH CHROME CAST,-,EA,CLS-2791,Visakh Refinery,2,13491.8,Vendor-763,CLU-0080,Sinter Plant Grate Bar High Chrome Cast,NMC-100080
36,CIL,CIL-632351,51210 THRUST BALL BRG THRUST BALL BEARING 51210,51210 THRUST BALL BRG,EA,CLS-1618,MCL Sambalpur,432,2451.15,Vendor-639,CLU-0033,Thrust Ball Bearing 51210,NMC-100033
37,CIL,CIL-242071,SCADA COMPATIBLE RTU MODULE 16 CHANNEL,-,EA,CLS-7224,NCL Singrauli,1,67697.06,Vendor-440,CLU-0065,SCADA Compatible RTU Module 16 Channel,NMC-100065
38,HPCL,HPC-765905,ISO VG220 GEAR OIL 210L INDUSTRIAL GEAR OIL ISO VG 220 210L DRUM,ISO VG220 GEAR OIL 210L,LTR,CLS-9740,Mumbai Refinery,69,306.26,Vendor-729,CLU-0041,Industrial Gear Oil ISO VG 220 210L Drum,NMC-100041
39,CPCL,CPCL-604740,DEEP GROOVE BALL BEARING 6205 (BEARING 6205-2RS),BEARING 6205-2RS,NO,CLS-3697,Manali Refinery,447,330.47,Vendor-160,CLU-0006,Deep Groove Ball Bearing 6205,NMC-100006
40,SAIL,SAIL-476417,BALL VALVE CARBON STEEL 2 INCH CLASS 300 (2IN 300# CS RF),2IN 300# CS RF,EA,CLS-8527,Rourkela Steel Plant,314,12496.85,Vendor-144,CLU-0002,Ball Valve Carbon Steel 2 Inch Class 300,NMC-100002
41,NTPC,NTPC-406024,PORTABLE GAS DETECTOR 4-GAS TYPE,-,EA,CLS-4977,Ramagundam STPS,25,30583.38,Vendor-842,CLU-0061,Portable Gas Detector 4-Gas Type,NMC-100061
42,CIL,CIL-851742,BLAST FURN TUYE COPP WATER COOLED CU TUYERE BF,WATER COOLED CU TUYERE BF,NOS,CLS-8298,MCL Sambalpur,255,70913.0,Vendor-622,CLU-0048,Blast Furnace Tuyere Copper Water Cooled,NMC-100048
43,SAIL,SAIL-512344,STEEL WIRE MESH SCRE 10 MM MESH SCREEN STEEL WIRE,10 MM MESH SCREEN STEEL WIRE,MTR,CLS-6781,Bokaro Steel Plant,239,3423.38,Vendor-320,CLU-0043,Steel Wire Mesh Screen 10mm Aperture,NMC-100043
44,IOCL,IOC-296694,DIESEL GENERATOR AIR FILTER ELEMENT (AIR FILTER ELE. DG SET SPARE),AIR FILTER ELE. DG SET SPARE,EA,CLS-8242,Haldia Refinery,190,1596.21,Vendor-610,CLU-0020,Diesel Generator Air Filter Element,NMC-100020
45,NTPC,NTPC-712401,127MM DIA CONVEYOR IDLER ROLLER COAL CONVEYOR IDLER ROLLER 127MM DIA,127MM DIA CONVEYOR IDLER ROLLER,EACH,CLS-4214,Korba STPS,373,2752.73,Vendor-256,CLU-0052,Coal Conveyor Idler Roller 127mm Dia,NMC-100052
46,BPCL,BPC-392075,DEEP GROOVE BALL BEARING 6205 (BEARING 6205-2RS),BEARING 6205-2RS,NOS,CLS-8260,Kochi Refinery,132,543.52,Vendor-177,CLU-0006,Deep Groove Ball Bearing 6205,NMC-100006
47,HPCL,HPC-578975,INSULATED COPPER CABLE 3 CORE 2.5 SQMM (PVC INS CU CABLE 3C 2.5MM2),PVC INS CU CABLE 3C 2.5MM2,M,CLS-9327,Visakh Refinery,201,82.87,Vendor-713,CLU-0021,Insulated Copper Cable 3 Core 2.5 sqmm,NMC-100021
48,NTPC,NTPC-720859,MOTOR BEARING NU 220 CYLINDRICAL ROLLER - NU 220 ROLLER BRG,NU 220 ROLLER BRG,EA,CLS-5941,Korba STPS,430,5949.83,Vendor-204,CLU-0015,Motor Bearing NU 220 Cylindrical Roller,NMC-100015
49,ONGC,ONG-676510,SEAMLESS PIPE CARBON STEEL SCH 40 6 INCH - 6 INCH SCHEDULE 40 CS SEAMLESS,6 INCH SCHEDULE 40 CS SEAMLESS,MET,CLS-7932,Mumbai High Offshore,140,4110.7,Vendor-721,CLU-0004,Seamless Pipe Carbon Steel Sch 40 6 Inch,NMC-100004
50,SAIL,SAIL-682851,BOILER TUBE SEAMLESS SA210 GRADE C 51MM OD - SA210GRC 51MM OD BOILER TUBE,SA210GRC 51MM OD BOILER TUBE,MET,CLS-7244,Rourkela Steel Plant,29,2455.66,Vendor-758,CLU-0050,Boiler Tube Seamless SA210 Grade C 51mm OD,NMC-100050
51,SAIL,SAIL-174441,HEX HEAD BOLT SS304 M16X60 - M16 X 60MM SS 304 HEXAGON BOLT,M16 X 60MM SS 304 HEXAGON BOLT,EA,CLS-1514,Bokaro Steel Plant,328,25.89,Vendor-169,CLU-0005,Hex Head Bolt SS304 M16x60,NMC-100005
52,IOCL,IOC-900185,16B-1 ROLLER CHAIN SIMPLEX ROLLER CHAIN 16B-1 SIMPLEX,16B-1 ROLLER CHAIN SIMPLEX,MTR,CLS-3414,Panipat Refinery,144,569.59,Vendor-625,CLU-0034,Roller Chain 16B-1 Simplex,NMC-100034
53,HPCL,HPC-581294,WC EXCAVATOR BUCKET TEETH EXCAVATOR BUCKET TEETH TUNGSTEN CARBIDE,WC EXCAVATOR BUCKET TEETH,NO,CLS-2320,Visakh Refinery,361,2903.43,Vendor-800,CLU-0053,Excavator Bucket Teeth Tungsten Carbide,NMC-100053
54,SAIL,SAIL-392559,CONTINUOUS MINER CUTTING BIT CARBIDE TIP - CM CUTTING BIT TUNGSTEN CARBIDE,CM CUTTING BIT TUNGSTEN CARBIDE,NOS,CLS-5735,Bokaro Steel Plant,157,496.16,Vendor-404,CLU-0045,Continuous Miner Cutting Bit Carbide Tip,NMC-100045
55,BPCL,BPC-969032,BLAST FURN TUYE COPP BF TUYERE CU WATER COOLED,BF TUYERE CU WATER COOLED,EA,CLS-6375,Mumbai Refinery,298,124399.22,Vendor-268,CLU-0048,Blast Furnace Tuyere Copper Water Cooled,NMC-100048
56,CIL,CIL-157174,FIRE EXTINGUISHER CO2 TYPE 4.5 KG CAP FIRE EXTINGUISHER CO2 TYPE 4.5KG,FIRE EXTINGUISHER CO2 TYPE 4.5 KG CAP,EA,CLS-9042,MCL Sambalpur,154,4592.25,Vendor-229,CLU-0017,Fire Extinguisher CO2 Type 4.5kg,NMC-100017
57,CIL,CIL-340044,DIES GENE AIR FILT GENSET AIR FILTER CARTRIDGE,GENSET AIR FILTER CARTRIDGE,EA,CLS-1339,MCL Sambalpur,433,1976.83,Vendor-701,CLU-0020,Diesel Generator Air Filter Element,NMC-100020
58,IOCL,IOC-147670,INDU GEAR OIL ISO ISO VG220 GEAR OIL 210L,ISO VG220 GEAR OIL 210L,LTR,CLS-4453,Haldia Refinery,399,294.19,Vendor-766,CLU-0041,Industrial Gear Oil ISO VG 220 210L Drum,NMC-100041
59,IOCL,IOC-789545,VIBRATION MONITORING SENSOR ACCELEROMETER TYPE,-,NOS,CLS-1725,Haldia Refinery,23,19990.15,Vendor-727,CLU-0074,Vibration Monitoring Sensor Accelerometer Type,NMC-100074
60,NTPC,NTPC-138551,INTRINSICALLY SAFE JUNCTION BOX EX-I TYPE,-,EACH,CLS-2392,Ramagundam STPS,45,13955.02,Vendor-649,CLU-0073,Intrinsically Safe Junction Box Ex-i Type,NMC-100073
61,BPCL,BPC-144618,TRAN BUSH OIL FILL TRANSFORMER BUSHING 33KV OIL TYPE,TRANSFORMER BUSHING 33KV OIL TYPE,EACH,CLS-8790,Mumbai Refinery,113,139140.03,Vendor-808,CLU-0054,Transformer Bushing Oil Filled 33kV,NMC-100054
62,ONGC,ONG-386193,INDUSTRIAL SAFETY HELMET HDPE (HELMET SAFETY HDPE IS2925),HELMET SAFETY HDPE IS2925,NOS,CLS-7624,Ankleshwar Asset,253,158.71,Vendor-444,CLU-0013,Industrial Safety Helmet HDPE,NMC-100013
63,NTPC,NTPC-488984,TEMPERATURE TRANSMITTER RTD PT100 HEAD MOUNT - RTD PT100 HEAD MT TT,RTD PT100 HEAD MT TT,NO,CLS-3255,Ramagundam STPS,232,12630.84,Vendor-687,CLU-0039,Temperature Transmitter RTD PT100 Head Mount,NMC-100039
64,SAIL,SAIL-450996,HYDROGEN SULPHIDE SCAVENGER CHEMICAL 200L DRUM,-,L,CLS-5922,Rourkela Steel Plant,42,984.54,Vendor-239,CLU-0066,Hydrogen Sulphide Scavenger Chemical 200L Drum,NMC-100066
65,ONGC,ONG-931131,STRU STEEL ANGLE 75X7 ANGLE 75X75X6 MS,ANGLE 75X75X6 MS,M,CLS-5728,Ankleshwar Asset,309,612.14,Vendor-682,CLU-0019,Structural Steel Angle 75x75x6mm,NMC-100019
66,BPCL,BPC-725380,GATE VALVE CAST STEEL 6 INCH CLASS 150 - 6 INCH CLASS150 CAST STEEL GATE VLV,6 INCH CLASS150 CAST STEEL GATE VLV,NO,CLS-9669,Mumbai Refinery,202,32172.87,Vendor-579,CLU-0003,Gate Valve Cast Steel 6 Inch Class 150,NMC-100003
67,IOCL,IOC-793384,BALL VALVE CARB STEEL 2 INCH CLASS 300 CARBON STEEL,2 INCH CLASS 300 CARBON STEEL,EA,CLS-4814,Panipat Refinery,400,12919.6,Vendor-181,CLU-0002,Ball Valve Carbon Steel 2 Inch Class 300,NMC-100002
68,CIL,CIL-575435,BALL VALVE CARBON STEEL 2 INCH CLASS 300 (2IN 300# CS RF),2IN 300# CS RF,PCS,CLS-6820,MCL Sambalpur,432,14202.15,Vendor-479,CLU-0002,Ball Valve Carbon Steel 2 Inch Class 300,NMC-100002
69,BPCL,BPC-641722,GI FENCING 1.8M HT CHAINLINK CHAIN LINK FENCING GI 6FT HEIGHT,GI FENCING 1.8M HT CHAINLINK,MTR,CLS-9004,Mumbai Refinery,48,245.17,Vendor-516,CLU-0016,Chain Link Fencing GI 6ft Height,NMC-100016
70,CPCL,CPCL-697467,COAL CONVEYOR IDLER ROLLER 127MM DIA - CONVEYOR IDLER 127MM ROLLER TYPE,CONVEYOR IDLER 127MM ROLLER TYPE,NO,CLS-6530,Manali Refinery,260,3151.93,Vendor-801,CLU-0052,Coal Conveyor Idler Roller 127mm Dia,NMC-100052
71,BPCL,BPC-564920,4IN CI SWING CHECK VLV CHECK VALVE CAST IRON 4 INCH SWING TYPE,4IN CI SWING CHECK VLV,NOS,CLS-2627,Kochi Refinery,491,5888.9,Vendor-471,CLU-0026,Check Valve Cast Iron 4 Inch Swing Type,NMC-100026
72,IOCL,IOC-183958,RADAR TYPE LT 4-20MA HART LEVEL TRANSMITTER RADAR TYPE 4-20MA,RADAR TYPE LT 4-20MA HART,EA,CLS-7981,Gujarat Refinery,343,63651.2,Vendor-556,CLU-0038,Level Transmitter Radar Type 4-20mA,NMC-100038
73,NTPC,NTPC-337144,6X4IN CS CONC REDUCER REDUCER CONCENTRIC CARBON STEEL 6X4 INCH,6X4IN CS CONC REDUCER,EACH,CLS-1430,Ramagundam STPS,437,1753.64,Vendor-885,CLU-0029,Reducer Concentric Carbon Steel 6x4 Inch,NMC-100029
74,CIL,CIL-744481,CCM COPPER MOULD PLATE CONTINUOUS CASTING MOULD COPPER PLATE,CCM COPPER MOULD PLATE,PCS,CLS-3509,SECL Bilaspur,117,242751.29,Vendor-589,CLU-0047,Continuous Casting Mould Copper Plate,NMC-100047
75,HPCL,HPC-122394,CHECK VALVE CAST IRON 4 INCH SWING TYPE - 4IN CI SWING CHECK VLV,4IN CI SWING CHECK VLV,EACH,CLS-4362,Visakh Refinery,407,6668.07,Vendor-228,CLU-0026,Check Valve Cast Iron 4 Inch Swing Type,NMC-100026
76,ONGC,ONG-184714,"PLUG VALVE PTFE LINED 3 INCH (3"" PLUG VALVE PTFE-LINED)","3"" PLUG VALVE PTFE-LINED",EA,CLS-5505,Ankleshwar Asset,316,15411.68,Vendor-229,CLU-0028,Plug Valve PTFE Lined 3 Inch,NMC-100028
77,IOCL,IOC-723945,THRUST BALL BEARING 51210 (TBB 51210),TBB 51210,NOS,CLS-7171,Haldia Refinery,485,1077.91,Vendor-672,CLU-0033,Thrust Ball Bearing 51210,NMC-100033
78,CIL,CIL-256445,COUP FLEX PIN BUSH 100MM PIN BUSH FLEX COUPLING,100MM PIN BUSH FLEX COUPLING,NOS,CLS-2940,MCL Sambalpur,490,4823.01,Vendor-354,CLU-0018,Coupling Flexible Pin Bush Type 100mm,NMC-100018
79,IOCL,IOC-266889,WIRE ROPE SLING 12MM 6X37 CONSTRUCTION (12 MM WIRE ROPE 6X37 SLING TYPE),12 MM WIRE ROPE 6X37 SLING TYPE,MET,CLS-5050,Haldia Refinery,446,218.67,Vendor-365,CLU-0012,Wire Rope Sling 12mm 6x37 Construction,NMC-100012
80,BPCL,BPC-152578,50MM MECH SEAL SIC/SIC CENTRIFUGAL PUMP MECHANICAL SEAL 50MM,50MM MECH SEAL SIC/SIC,EA,CLS-3579,Kochi Refinery,262,14072.95,Vendor-643,CLU-0007,Centrifugal Pump Mechanical Seal 50mm,NMC-100007
81,ONGC,ONG-517479,DN100 CI SWING CHECK CHECK VALVE CAST IRON 4 INCH SWING TYPE,DN100 CI SWING CHECK,EA,CLS-8450,Ankleshwar Asset,102,11745.66,Vendor-968,CLU-0026,Check Valve Cast Iron 4 Inch Swing Type,NMC-100026
82,HPCL,HPC-170394,REDUCER CONCENTRIC CARBON STEEL 6X4 INCH - DN150XDN100 CS RED CONC,DN150XDN100 CS RED CONC,NO,CLS-2582,Visakh Refinery,430,945.12,Vendor-542,CLU-0029,Reducer Concentric Carbon Steel 6x4 Inch,NMC-100029
83,BPCL,BPC-396635,STUD BOLT M24 X 180MM GR B7 WITH 2 NUTS STUDDED BOLT WITH 2 NUTS B7 M24X180,STUD BOLT M24 X 180MM GR B7 WITH 2 NUTS,SETS,CLS-1857,Kochi Refinery,214,587.23,Vendor-795,CLU-0032,Studded Bolt with 2 Nuts B7 M24x180,NMC-100032
84,HPCL,HPC-173372,8 INCH CAST IRON WAFER TYPE BFLY VALVE BUTTERFLY VALVE CAST IRON 8 INCH WAFER TYPE,8 INCH CAST IRON WAFER TYPE BFLY VALVE,NO,CLS-3041,Mumbai Refinery,324,10394.82,Vendor-968,CLU-0010,Butterfly Valve Cast Iron 8 Inch Wafer Type,NMC-100010
85,ONGC,ONG-857997,MOULD PLATE CU CCM TYPE CONTINUOUS CASTING MOULD COPPER PLATE,MOULD PLATE CU CCM TYPE,EACH,CLS-4871,Rajahmundry Asset,10,124464.04,Vendor-468,CLU-0047,Continuous Casting Mould Copper Plate,NMC-100047
86,IOCL,IOC-950916,MECHANICAL FACE SEAL CARTRIDGE TYPE 75MM (75 MM CARTRIDGE TYPE MECH SEAL),75 MM CARTRIDGE TYPE MECH SEAL,NOS,CLS-1605,Panipat Refinery,37,32049.26,Vendor-568,CLU-0037,Mechanical Face Seal Cartridge Type 75mm,NMC-100037
87,ONGC,ONG-310743,PRESSURE SAFETY VALVE 2X3 INCH SET 10 BAR - DN50XDN80 PSV SET 10BAR,DN50XDN80 PSV SET 10BAR,EA,CLS-6912,Mumbai High Offshore,126,47243.8,Vendor-126,CLU-0040,Pressure Safety Valve 2x3 Inch Set 10 Bar,NMC-100040
88,CPCL,CPCL-872246,SPIRAL WOUND GASKET SS316 4 INCH CLASS 150 - 4 INCH CLASS 150 SS 316,4 INCH CLASS 150 SS 316,NOS,CLS-2424,Manali Refinery,351,705.5,Vendor-658,CLU-0001,Spiral Wound Gasket SS316 4 Inch Class 150,NMC-100001
89,CIL,CIL-162894,REDUCER CONCENTRIC CARBON STEEL 6X4 INCH - DN150XDN100 CS RED CONC,DN150XDN100 CS RED CONC,EACH,CLS-3002,MCL Sambalpur,494,1754.7,Vendor-437,CLU-0029,Reducer Concentric Carbon Steel 6x4 Inch,NMC-100029
90,IOCL,IOC-807617,SET NUT BOLT M20-80 SS316 INDUSTRIAL GRADE NUT BOLT SET M20X80 SS316,SET NUT BOLT M20-80 SS316,SET,CLS-6374,Panipat Refinery,246,85.51,Vendor-674,CLU-0025,Industrial Grade Nut Bolt Set M20x80 SS316,NMC-100025
91,SAIL,SAIL-146489,75MM CARTRIDGE MECH SEAL MECHANICAL FACE SEAL CARTRIDGE TYPE 75MM,75MM CARTRIDGE MECH SEAL,NOS,CLS-3868,Rourkela Steel Plant,284,21479.32,Vendor-758,CLU-0037,Mechanical Face Seal Cartridge Type 75mm,NMC-100037
92,IOCL,IOC-772985,COAL CONVEYOR IDLER ROLLER 127MM DIA - 127 MM DIA IDLER ROLLER CONVEYOR,127 MM DIA IDLER ROLLER CONVEYOR,EACH,CLS-2217,Panipat Refinery,273,1601.47,Vendor-967,CLU-0052,Coal Conveyor Idler Roller 127mm Dia,NMC-100052
93,HPCL,HPC-417915,ELECTROSTATIC PRECIPITATOR COLLECTING ELECTRODE PLATE - COLLECTING ELECTRODE PLATE FOR ESP,COLLECTING ELECTRODE PLATE FOR ESP,PCS,CLS-2922,Visakh Refinery,113,7654.38,Vendor-859,CLU-0051,Electrostatic Precipitator Collecting Electrode Plate,NMC-100051
94,BPCL,BPC-593355,DIES GENE AIR FILT GENSET AIR FILTER CARTRIDGE,GENSET AIR FILTER CARTRIDGE,NOS,CLS-8141,Kochi Refinery,474,1045.05,Vendor-699,CLU-0020,Diesel Generator Air Filter Element,NMC-100020
95,BPCL,BPC-462974,TURBINE BLADE STEAM TURBINE LP STAGE - STEAM TURBINE BLADE LOW PRESSURE STAGE,STEAM TURBINE BLADE LOW PRESSURE STAGE,NO,CLS-2848,Mumbai Refinery,146,37251.23,Vendor-996,CLU-0049,Turbine Blade Steam Turbine LP Stage,NMC-100049
96,IOCL,IOC-213349,MOTOR BEARING NU 220 CYLINDRICAL ROLLER - NU220 CYL ROLLER BEARING,NU220 CYL ROLLER BEARING,PCS,CLS-7149,Haldia Refinery,18,7608.88,Vendor-689,CLU-0015,Motor Bearing NU 220 Cylindrical Roller,NMC-100015
97,NTPC,NTPC-787926,WIRE ROPE SLING 12MM 6X37 CONSTRUCTION - 12 MM WIRE ROPE 6X37 SLING TYPE,12 MM WIRE ROPE 6X37 SLING TYPE,M,CLS-2746,Korba STPS,7,323.16,Vendor-981,CLU-0012,Wire Rope Sling 12mm 6x37 Construction,NMC-100012
98,ONGC,ONG-245051,"6"" GATE VALVE CS #150 GATE VALVE CAST STEEL 6 INCH CLASS 150","6"" GATE VALVE CS #150",NOS,CLS-2796,Rajahmundry Asset,257,19090.92,Vendor-148,CLU-0003,Gate Valve Cast Steel 6 Inch Class 150,NMC-100003
99,CIL,CIL-106933,EXCAVATOR BUCKET TEETH TUNGSTEN CARBIDE (TC TIPPED EXCAVATOR BUCKET TOOTH),TC TIPPED EXCAVATOR BUCKET TOOTH,EA,CLS-9673,MCL Sambalpur,287,3645.35,Vendor-117,CLU-0053,Excavator Bucket Teeth Tungsten Carbide,NMC-100053
100,NTPC,NTPC-934908,PORTABLE ULTRASONIC THICKNESS GAUGE,-,PCS,CLS-4637,Ramagundam STPS,7,35580.13,Vendor-364,CLU-0075,Portable Ultrasonic Thickness Gauge,NMC-100075
101,CPCL,CPCL-694731,GATE VALVE CAST STEEL DN150 PN20 CS GATE,DN150 PN20 CS GATE,NOS,CLS-8517,Cauvery Basin Refinery,113,44494.74,Vendor-505,CLU-0003,Gate Valve Cast Steel 6 Inch Class 150,NMC-100003
102,CPCL,CPCL-182760,LEVEL TRAN RADAR TYPE RADAR TYPE LT 4-20MA HART,RADAR TYPE LT 4-20MA HART,NO,CLS-9937,Cauvery Basin Refinery,313,119607.85,Vendor-284,CLU-0038,Level Transmitter Radar Type 4-20mA,NMC-100038
103,BPCL,BPC-808446,WELDING ELECTRODE E7018 3.15MM (ELECT E7018 3.15 MM LOW HYDROGEN),ELECT E7018 3.15 MM LOW HYDROGEN,KGS,CLS-3780,Mumbai Refinery,266,368.3,Vendor-915,CLU-0011,Welding Electrode E7018 3.15mm,NMC-100011
104,NTPC,NTPC-119927,TIMI BELT HTD 8M HTD 8M TYPE TIMING BELT 30MM,HTD 8M TYPE TIMING BELT 30MM,EA,CLS-9647,Ramagundam STPS,115,1768.95,Vendor-661,CLU-0035,Timing Belt HTD 8M 30mm Width,NMC-100035
105,IOCL,IOC-359778,STUDDED BOLT WITH 2 NUTS B7 M24X180 - M24X180 B7 STUD 2 NUTS,M24X180 B7 STUD 2 NUTS,SET,CLS-9564,Haldia Refinery,229,695.49,Vendor-636,CLU-0032,Studded Bolt with 2 Nuts B7 M24x180,NMC-100032
106,NTPC,NTPC-757629,INDU GEAR OIL ISO IND GEAR OIL VG-220 210 LTR DRUM,IND GEAR OIL VG-220 210 LTR DRUM,L,CLS-8912,Korba STPS,153,310.48,Vendor-409,CLU-0041,Industrial Gear Oil ISO VG 220 210L Drum,NMC-100041
107,BPCL,BPC-492292,NITROGEN GAS CYLINDER 47 LITRE INDUSTRIAL GRADE,-,NO,CLS-9199,Kochi Refinery,30,6089.37,Vendor-702,CLU-0076,Nitrogen Gas Cylinder 47 Litre Industrial Grade,NMC-100076
108,CIL,CIL-230521,RADAR LEVEL TXR 4-20MA LEVEL TRANSMITTER RADAR TYPE 4-20MA,RADAR LEVEL TXR 4-20MA,PCS,CLS-8204,NCL Singrauli,228,111158.92,Vendor-861,CLU-0038,Level Transmitter Radar Type 4-20mA,NMC-100038
109,NTPC,NTPC-245939,EMERGENCY SHUTDOWN VALVE ACTUATOR PNEUMATIC,-,NO,CLS-3525,Korba STPS,20,89042.54,Vendor-774,CLU-0071,Emergency Shutdown Valve Actuator Pneumatic,NMC-100071
110,HPCL,HPC-975467,FLEXIBLE HYDRAULIC HOSE 1 INCH 2 WIRE BRAID (HOSE HYD 25MM 2WB R2AT),HOSE HYD 25MM 2WB R2AT,MTRS,CLS-1853,Visakh Refinery,245,415.51,Vendor-652,CLU-0014,Flexible Hydraulic Hose 1 Inch 2 Wire Braid,NMC-100014
111,NTPC,NTPC-254511,WELDING ELECTRODE E7018 3.15MM - 3.15 MM E-7018 ELECTRODE,3.15 MM E-7018 ELECTRODE,KG,CLS-2193,Vindhyachal STPS,28,311.21,Vendor-586,CLU-0011,Welding Electrode E7018 3.15mm,NMC-100011
112,SAIL,SAIL-822131,STRU STEEL ANGLE 75X7 MS L-ANGLE 75X75X6,MS L-ANGLE 75X75X6,MET,CLS-9199,Rourkela Steel Plant,363,490.88,Vendor-378,CLU-0019,Structural Steel Angle 75x75x6mm,NMC-100019
113,CPCL,CPCL-360096,CONTINUOUS CASTING MOULD COPPER PLATE (COPPER PLATE MOULD CONTINUOUS CASTING MACHINE),COPPER PLATE MOULD CONTINUOUS CASTING MACHINE,PCS,CLS-5374,Manali Refinery,138,145207.65,Vendor-557,CLU-0047,Continuous Casting Mould Copper Plate,NMC-100047
114,IOCL,IOC-861319,RUBB EXPA JOINT 8 DN200 RUBBER EXP BELLOWS,DN200 RUBBER EXP BELLOWS,PCS,CLS-9022,Gujarat Refinery,433,12630.19,Vendor-775,CLU-0022,Rubber Expansion Joint 8 Inch Flanged,NMC-100022
115,NTPC,NTPC-786735,"CHECK VALVE CAST IRON 4 INCH SWING TYPE - 4"" SWING CHECK VALVE CI","4"" SWING CHECK VALVE CI",NO,CLS-5583,Vindhyachal STPS,431,7914.78,Vendor-517,CLU-0026,Check Valve Cast Iron 4 Inch Swing Type,NMC-100026
116,BPCL,BPC-963333,"PRESSURE SAFETY VALVE 2X3 INCH SET 10 BAR (2""X3"" PSV SET PRESSURE 10 BAR)","2""X3"" PSV SET PRESSURE 10 BAR",NO,CLS-2215,Mumbai Refinery,69,53978.05,Vendor-757,CLU-0040,Pressure Safety Valve 2x3 Inch Set 10 Bar,NMC-100040
117,ONGC,ONG-517821,BUTT VALVE CAST IRON 8 INCH CAST IRON WAFER TYPE BFLY VALVE,8 INCH CAST IRON WAFER TYPE BFLY VALVE,NOS,CLS-5573,Ankleshwar Asset,147,18100.94,Vendor-891,CLU-0010,Butterfly Valve Cast Iron 8 Inch Wafer Type,NMC-100010
118,NTPC,NTPC-551860,STEEL WIRE MESH SCRE WOVEN WIRE SCREEN 10MM OPENING,WOVEN WIRE SCREEN 10MM OPENING,MTR,CLS-7606,Vindhyachal STPS,456,1808.29,Vendor-474,CLU-0043,Steel Wire Mesh Screen 10mm Aperture,NMC-100043
119,BPCL,BPC-573417,HEX HEAD BOLT SS304 M16X60 (16MM DIA X 60MM SS304 BOLT),16MM DIA X 60MM SS304 BOLT,EACH,CLS-1344,Mumbai Refinery,131,42.47,Vendor-446,CLU-0005,Hex Head Bolt SS304 M16x60,NMC-100005
120,SAIL,SAIL-323508,V-BE A SECT 63 A63 V-BELT,A63 V-BELT,EACH,CLS-2127,Bokaro Steel Plant,140,196.36,Vendor-457,CLU-0008,V-Belt A Section 63 Inch,NMC-100008
121,BPCL,BPC-926952,1.5 INCH CLASS 800 FORGED STEEL GLOBE VLV GLOBE VALVE FORGED STEEL 1.5 INCH CLASS 800,1.5 INCH CLASS 800 FORGED STEEL GLOBE VLV,NOS,CLS-3129,Mumbai Refinery,146,16300.87,Vendor-248,CLU-0027,Globe Valve Forged Steel 1.5 Inch Class 800,NMC-100027
122,CPCL,CPCL-928897,CIRCUIT BREAKER VACUUM TYPE 11KV INDOOR (VCB 11KV INDOOR MOUNTED TYPE),VCB 11KV INDOOR MOUNTED TYPE,NOS,CLS-1879,Manali Refinery,261,336364.14,Vendor-454,CLU-0055,Circuit Breaker Vacuum Type 11kV Indoor,NMC-100055
123,ONGC,ONG-362147,ROLLER CHAIN 16B-1 SIMPLEX - CHAIN ROLLER 16B SIMPLEX PITCH 25.4MM,CHAIN ROLLER 16B SIMPLEX PITCH 25.4MM,M,CLS-2680,Mumbai High Offshore,333,588.35,Vendor-480,CLU-0034,Roller Chain 16B-1 Simplex,NMC-100034
124,CIL,CIL-694916,SEAM PIPE CARB STEEL 6 INCH SCHEDULE 40 CS SEAMLESS,6 INCH SCHEDULE 40 CS SEAMLESS,M,CLS-2133,SECL Bilaspur,48,4927.63,Vendor-935,CLU-0004,Seamless Pipe Carbon Steel Sch 40 6 Inch,NMC-100004
125,HPCL,HPC-134225,COUPLING FLEXIBLE PIN BUSH TYPE 100MM (COUPLING FLEX PIN BUSH TYPE 100MM DIA),COUPLING FLEX PIN BUSH TYPE 100MM DIA,PCS,CLS-8438,Visakh Refinery,152,7241.73,Vendor-819,CLU-0018,Coupling Flexible Pin Bush Type 100mm,NMC-100018
126,IOCL,IOC-970357,5 HP SUB. PUMP DEWATER TYPE SUBMERSIBLE DEWATERING PUMP 5HP,5 HP SUB. PUMP DEWATER TYPE,EA,CLS-1803,Haldia Refinery,207,34606.81,Vendor-679,CLU-0024,Submersible Dewatering Pump 5HP,NMC-100024
127,BPCL,BPC-581992,CM CUTTING BIT TUNGSTEN CARBIDE CONTINUOUS MINER CUTTING BIT CARBIDE TIP,CM CUTTING BIT TUNGSTEN CARBIDE,NOS,CLS-5331,Kochi Refinery,284,580.29,Vendor-890,CLU-0045,Continuous Miner Cutting Bit Carbide Tip,NMC-100045
128,ONGC,ONG-626611,EXCAVATOR TEETH TC TIPPED TYPE EXCAVATOR BUCKET TEETH TUNGSTEN CARBIDE,EXCAVATOR TEETH TC TIPPED TYPE,EA,CLS-2753,Rajahmundry Asset,350,3722.29,Vendor-283,CLU-0053,Excavator Bucket Teeth Tungsten Carbide,NMC-100053
129,NTPC,NTPC-478221,CRYOGENIC STORAGE VALVE FOR LNG SERVICE,-,PCS,CLS-8286,Vindhyachal STPS,6,40415.62,Vendor-415,CLU-0058,Cryogenic Storage Valve for LNG Service,NMC-100058
130,SAIL,SAIL-244170,COAL CONV IDLER ROLL 127MM DIA CONVEYOR IDLER ROLLER,127MM DIA CONVEYOR IDLER ROLLER,NO,CLS-1149,Bokaro Steel Plant,123,1703.9,Vendor-254,CLU-0052,Coal Conveyor Idler Roller 127mm Dia,NMC-100052
131,CIL,CIL-976638,DEEP GROO BALL BEAR 6205 2RS DEEP GROOVE BALL BRG,6205 2RS DEEP GROOVE BALL BRG,EACH,CLS-4872,SECL Bilaspur,52,566.87,Vendor-969,CLU-0006,Deep Groove Ball Bearing 6205,NMC-100006
132,ONGC,ONG-427040,ROCK DRILLING BIT DTH 6 INCH BUTTON TYPE,-,PCS,CLS-8912,Ankleshwar Asset,30,21332.59,Vendor-633,CLU-0078,Rock Drilling Bit DTH 6 Inch Button Type,NMC-100078
133,ONGC,ONG-856086,"6""X4"" CONCENTRIC REDUCER CS REDUCER CONCENTRIC CARBON STEEL 6X4 INCH","6""X4"" CONCENTRIC REDUCER CS",NO,CLS-6761,Mumbai High Offshore,500,1288.97,Vendor-419,CLU-0029,Reducer Concentric Carbon Steel 6x4 Inch,NMC-100029
134,CIL,CIL-236074,PRESSURE SAFETY VALVE 2X3 INCH SET 10 BAR (DN50XDN80 PSV SET 10BAR),DN50XDN80 PSV SET 10BAR,EACH,CLS-7523,MCL Sambalpur,457,21189.97,Vendor-416,CLU-0040,Pressure Safety Valve 2x3 Inch Set 10 Bar,NMC-100040
135,BPCL,BPC-351516,COUP FLEX PIN BUSH PIN-BUSH COUPLING 100 MM,PIN-BUSH COUPLING 100 MM,NOS,CLS-7693,Mumbai Refinery,287,3450.39,Vendor-102,CLU-0018,Coupling Flexible Pin Bush Type 100mm,NMC-100018
136,SAIL,SAIL-843788,INDUSTRIAL GEAR OIL ISO VG 220 210L DRUM - GEAR OIL ISO VG 220 DRUM 210 LITRE,GEAR OIL ISO VG 220 DRUM 210 LITRE,L,CLS-5653,Bhilai Steel Plant,182,386.87,Vendor-631,CLU-0041,Industrial Gear Oil ISO VG 220 210L Drum,NMC-100041
137,ONGC,ONG-290672,CHAIN LINK FENCING GI 6FT HEIGHT (6FT GI CHAINLINK FENCE 4MM),6FT GI CHAINLINK FENCE 4MM,MTRS,CLS-6576,Ankleshwar Asset,113,275.8,Vendor-364,CLU-0016,Chain Link Fencing GI 6ft Height,NMC-100016
138,HPCL,HPC-693830,ELBOW 90 DEGREE CARBON STEEL 4 INCH SCH40 - 4IN 90DEG CS SCH40 ELBOW,4IN 90DEG CS SCH40 ELBOW,NOS,CLS-1502,Mumbai Refinery,40,684.44,Vendor-748,CLU-0030,Elbow 90 Degree Carbon Steel 4 Inch Sch40,NMC-100030
139,NTPC,NTPC-985506,BLIND FLAN CARB STEEL DN200 PN20 CS BLIND FLANGE,DN200 PN20 CS BLIND FLANGE,NO,CLS-9584,Vindhyachal STPS,129,3024.87,Vendor-510,CLU-0031,Blind Flange Carbon Steel 8 Inch Class 150,NMC-100031
140,NTPC,NTPC-612340,SEAM PIPE CARB STEEL 6 INCH SCHEDULE 40 CS SEAMLESS,6 INCH SCHEDULE 40 CS SEAMLESS,MTRS,CLS-6038,Vindhyachal STPS,62,5716.39,Vendor-999,CLU-0004,Seamless Pipe Carbon Steel Sch 40 6 Inch,NMC-100004
141,SAIL,SAIL-728437,ELBOW 90 DEGREE CARBON STEEL 4 INCH SCH40 - 4IN 90DEG CS SCH40 ELBOW,4IN 90DEG CS SCH40 ELBOW,NO,CLS-3248,Bhilai Steel Plant,8,765.75,Vendor-316,CLU-0030,Elbow 90 Degree Carbon Steel 4 Inch Sch40,NMC-100030
142,HPCL,HPC-921609,CIRC BREA VACU TYPE VCB 11KV INDOOR MOUNTED TYPE,VCB 11KV INDOOR MOUNTED TYPE,PCS,CLS-7150,Mumbai Refinery,256,207034.6,Vendor-666,CLU-0055,Circuit Breaker Vacuum Type 11kV Indoor,NMC-100055
143,HPCL,HPC-725905,MANGANESE STEEL JAW CRUSHER PLATE CRUSHER JAW PLATE MANGANESE STEEL,MANGANESE STEEL JAW CRUSHER PLATE,EA,CLS-4728,Mumbai Refinery,140,44012.12,Vendor-901,CLU-0044,Crusher Jaw Plate Manganese Steel,NMC-100044
144,HPCL,HPC-281043,PRES SAFE VALVE 2X3 PRESSURE SAFETY VALVE 2X3 INCH SET PR 10 BAR,PRESSURE SAFETY VALVE 2X3 INCH SET PR 10 BAR,NO,CLS-6236,Mumbai Refinery,49,47988.99,Vendor-965,CLU-0040,Pressure Safety Valve 2x3 Inch Set 10 Bar,NMC-100040
145,SAIL,SAIL-207197,DIGITAL ULTRASONIC FLOW METER 8 INCH LINE,-,PCS,CLS-9395,Bhilai Steel Plant,6,111856.6,Vendor-559,CLU-0059,Digital Ultrasonic Flow Meter 8 Inch Line,NMC-100059
146,CPCL,CPCL-246942,BOILER TUBE SEAMLESS SA210 GRADE C 51MM OD - BOILER TUBE SEAMLESS SA 210 GR C OD51MM,BOILER TUBE SEAMLESS SA 210 GR C OD51MM,MTR,CLS-6224,Cauvery Basin Refinery,124,2205.26,Vendor-849,CLU-0050,Boiler Tube Seamless SA210 Grade C 51mm OD,NMC-100050
147,HPCL,HPC-940346,WIRE ROPE SLING 12MM 6X37 CONSTRUCTION (12MM 6X37 WIRE ROPE SLING),12MM 6X37 WIRE ROPE SLING,M,CLS-6198,Mumbai Refinery,346,232.78,Vendor-672,CLU-0012,Wire Rope Sling 12mm 6x37 Construction,NMC-100012
148,CIL,CIL-188025,FLEXIBLE HYDRAULIC HOSE 1 INCH 2 WIRE BRAID (1IN 2WB HYD HOSE SAE100R2),1IN 2WB HYD HOSE SAE100R2,MTR,CLS-3977,MCL Sambalpur,224,508.56,Vendor-572,CLU-0014,Flexible Hydraulic Hose 1 Inch 2 Wire Braid,NMC-100014
149,NTPC,NTPC-177558,FIREPROOF CABLE GLAND EX-D TYPE 25MM,-,NO,CLS-9755,Ramagundam STPS,39,1614.7,Vendor-510,CLU-0072,Fireproof Cable Gland Ex-d Type 25mm,NMC-100072
150,CPCL,CPCL-659951,ROLLER CHAIN 16B-1 SIMPLEX (16B1 SIMPLEX CHAIN),16B1 SIMPLEX CHAIN,M,CLS-8684,Manali Refinery,163,879.36,Vendor-903,CLU-0034,Roller Chain 16B-1 Simplex,NMC-100034
151,NTPC,NTPC-939482,DEEP GROOVE BALL BEARING 6205 (6205 2RS DEEP GROOVE BALL BRG),6205 2RS DEEP GROOVE BALL BRG,PCS,CLS-8350,Vindhyachal STPS,132,236.22,Vendor-649,CLU-0006,Deep Groove Ball Bearing 6205,NMC-100006
152,HPCL,HPC-583214,COAL CONVEYOR IDLER ROLLER 127MM DIA (CONVEYOR IDLER 127MM ROLLER TYPE),CONVEYOR IDLER 127MM ROLLER TYPE,NO,CLS-3293,Visakh Refinery,380,3884.93,Vendor-273,CLU-0052,Coal Conveyor Idler Roller 127mm Dia,NMC-100052
153,IOCL,IOC-113266,CHAIN LINK FENC GI GI FENCING 1.8M HT CHAINLINK,GI FENCING 1.8M HT CHAINLINK,MTRS,CLS-6934,Gujarat Refinery,426,312.35,Vendor-543,CLU-0016,Chain Link Fencing GI 6ft Height,NMC-100016
154,CIL,CIL-624369,STEEL WIRE MESH SCREEN 10MM APERTURE - SCREEN MESH STEEL WIRE 10 MM APERTURE,SCREEN MESH STEEL WIRE 10 MM APERTURE,MET,CLS-6456,SECL Bilaspur,28,1289.5,Vendor-830,CLU-0043,Steel Wire Mesh Screen 10mm Aperture,NMC-100043
155,NTPC,NTPC-354655,BOILER TUBE SEAMLESS SA210 GRADE C 51MM OD - SEAMLESS BOILER TUBE SA210 GRC 51 OD,SEAMLESS BOILER TUBE SA210 GRC 51 OD,MET,CLS-8369,Ramagundam STPS,109,1428.42,Vendor-180,CLU-0050,Boiler Tube Seamless SA210 Grade C 51mm OD,NMC-100050
156,CIL,CIL-256466,BOILER TUBE SEAMLESS SA210 GRADE C 51MM OD (51MM OD SA-210-C SEAMLESS TUBE),51MM OD SA-210-C SEAMLESS TUBE,MET,CLS-8758,NCL Singrauli,197,1194.21,Vendor-650,CLU-0050,Boiler Tube Seamless SA210 Grade C 51mm OD,NMC-100050
157,SAIL,SAIL-919182,FLEXIBLE HYDRAULIC HOSE 1 INCH 2 WIRE BRAID - HOSE HYD 25MM 2WB R2AT,HOSE HYD 25MM 2WB R2AT,MTR,CLS-4266,Bokaro Steel Plant,25,1003.39,Vendor-353,CLU-0014,Flexible Hydraulic Hose 1 Inch 2 Wire Braid,NMC-100014
158,HPCL,HPC-378085,DEEP GROO BALL BEAR 6205ZZ BALL BEARING,6205ZZ BALL BEARING,NO,CLS-8973,Mumbai Refinery,151,340.35,Vendor-848,CLU-0006,Deep Groove Ball Bearing 6205,NMC-100006
159,SAIL,SAIL-829066,CORROSION INHIBITOR CHEMICAL FOR PIPELINE 200L,-,LITRE,CLS-6228,Bhilai Steel Plant,31,522.8,Vendor-507,CLU-0067,Corrosion Inhibitor Chemical for Pipeline 200L,NMC-100067
160,BPCL,BPC-387936,WIRE ROPE SLING 12MM 6X37 CONSTRUCTION (SLING WR 12MM 6X37 IWRC),SLING WR 12MM 6X37 IWRC,M,CLS-5451,Kochi Refinery,44,278.39,Vendor-340,CLU-0012,Wire Rope Sling 12mm 6x37 Construction,NMC-100012
161,IOCL,IOC-603110,CONTINUOUS MINER CUTTING BIT CARBIDE TIP (CUTTING BIT CONTINUOUS MINER CARBIDE TIPPED),CUTTING BIT CONTINUOUS MINER CARBIDE TIPPED,PCS,CLS-5480,Gujarat Refinery,291,956.91,Vendor-914,CLU-0045,Continuous Miner Cutting Bit Carbide Tip,NMC-100045
162,NTPC,NTPC-423939,SUBM DEWA PUMP 5HP SUBMERSIBLE PUMP DEWATERING 5 HP,SUBMERSIBLE PUMP DEWATERING 5 HP,EA,CLS-3153,Ramagundam STPS,22,45285.08,Vendor-849,CLU-0024,Submersible Dewatering Pump 5HP,NMC-100024
163,NTPC,NTPC-358607,6 INCH CLASS150 CAST STEEL GATE VLV GATE VALVE CAST STEEL 6 INCH CLASS 150,6 INCH CLASS150 CAST STEEL GATE VLV,NOS,CLS-8019,Korba STPS,292,39253.98,Vendor-864,CLU-0003,Gate Valve Cast Steel 6 Inch Class 150,NMC-100003
164,IOCL,IOC-265056,ELBOW 90 DEGR CARB 4IN 90DEG CS SCH40 ELBOW,4IN 90DEG CS SCH40 ELBOW,NOS,CLS-8259,Haldia Refinery,30,1376.16,Vendor-378,CLU-0030,Elbow 90 Degree Carbon Steel 4 Inch Sch40,NMC-100030
165,ONGC,ONG-675898,DIESEL GENERATOR AIR FILTER ELEMENT - DG SET AIR FILTER ELEMENT,DG SET AIR FILTER ELEMENT,PCS,CLS-8941,Mumbai High Offshore,479,1060.85,Vendor-815,CLU-0020,Diesel Generator Air Filter Element,NMC-100020
166,ONGC,ONG-563516,"ELBOW 90 DEGREE CARBON STEEL 4 INCH SCH40 (4"" 90° ELBOW CS SCH-40 LR)","4"" 90° ELBOW CS SCH-40 LR",EACH,CLS-2864,Ankleshwar Asset,144,780.24,Vendor-624,CLU-0030,Elbow 90 Degree Carbon Steel 4 Inch Sch40,NMC-100030
167,NTPC,NTPC-284692,CHAIN LINK FENCING GI 6FT HEIGHT - FENCING CHAIN LINK GI 6' HEIGHT,FENCING CHAIN LINK GI 6' HEIGHT,MET,CLS-9817,Korba STPS,272,440.68,Vendor-376,CLU-0016,Chain Link Fencing GI 6ft Height,NMC-100016
168,HPCL,HPC-638179,BLAST FURNACE TUYERE COPPER WATER COOLED (BF TUYERE CU WATER COOLED),BF TUYERE CU WATER COOLED,NOS,CLS-8575,Mumbai Refinery,238,127669.34,Vendor-672,CLU-0048,Blast Furnace Tuyere Copper Water Cooled,NMC-100048
169,ONGC,ONG-882033,BLIND FLANGE CARBON STEEL 8 INCH CLASS 150 (8IN 150# CS BLIND FLG),8IN 150# CS BLIND FLG,PCS,CLS-2251,Ankleshwar Asset,118,2665.74,Vendor-272,CLU-0031,Blind Flange Carbon Steel 8 Inch Class 150,NMC-100031
170,ONGC,ONG-171849,CENT PUMP MECH SEAL 50MM MECH SEAL SIC/SIC,50MM MECH SEAL SIC/SIC,NOS,CLS-7615,Rajahmundry Asset,39,11264.94,Vendor-340,CLU-0007,Centrifugal Pump Mechanical Seal 50mm,NMC-100007
171,NTPC,NTPC-421709,CONT CAST MOULD COPP CCM COPPER MOULD PLATE,CCM COPPER MOULD PLATE,NO,CLS-6095,Vindhyachal STPS,212,196632.52,Vendor-820,CLU-0047,Continuous Casting Mould Copper Plate,NMC-100047
172,CIL,CIL-397005,ELBOW 90 DEGREE CARBON STEEL 4 INCH SCH40 (DN100 90DEG SCH40 CS LR ELBOW),DN100 90DEG SCH40 CS LR ELBOW,EA,CLS-6053,MCL Sambalpur,352,1271.07,Vendor-639,CLU-0030,Elbow 90 Degree Carbon Steel 4 Inch Sch40,NMC-100030
173,ONGC,ONG-708851,INDUSTRIAL GEAR OIL ISO VG 220 210L DRUM - ISO VG220 GEAR OIL 210L,ISO VG220 GEAR OIL 210L,LITRE,CLS-6531,Mumbai High Offshore,92,314.68,Vendor-837,CLU-0041,Industrial Gear Oil ISO VG 220 210L Drum,NMC-100041
174,HPCL,HPC-781113,TEMPERATURE TRANSMITTER RTD PT100 HEAD MOUNT (TEMPERATURE TX RTD PT-100 HM TYPE),TEMPERATURE TX RTD PT-100 HM TYPE,PCS,CLS-4048,Mumbai Refinery,132,14605.2,Vendor-126,CLU-0039,Temperature Transmitter RTD PT100 Head Mount,NMC-100039
175,CPCL,CPCL-941814,ELECTROSTATIC PRECIPITATOR COLLECTING ELECTRODE PLATE (COLLECTING ELECTRODE PLATE FOR ESP),COLLECTING ELECTRODE PLATE FOR ESP,EA,CLS-7073,Cauvery Basin Refinery,394,7118.52,Vendor-308,CLU-0051,Electrostatic Precipitator Collecting Electrode Plate,NMC-100051
176,CPCL,CPCL-725550,BUTT VALVE CAST IRON DN200 WAFER CI BUTTERFLY VLV,DN200 WAFER CI BUTTERFLY VLV,EA,CLS-8149,Cauvery Basin Refinery,181,16199.63,Vendor-421,CLU-0010,Butterfly Valve Cast Iron 8 Inch Wafer Type,NMC-100010
177,SAIL,SAIL-649697,CRUSHER JAW PLATE MANGANESE STEEL (MN STEEL CRUSHER JAW PLATE),MN STEEL CRUSHER JAW PLATE,NOS,CLS-7229,Bokaro Steel Plant,374,33592.07,Vendor-961,CLU-0044,Crusher Jaw Plate Manganese Steel,NMC-100044
178,CIL,CIL-401602,CUTTING BIT CONTINUOUS MINER CARBIDE TIPPED CONTINUOUS MINER CUTTING BIT CARBIDE TIP,CUTTING BIT CONTINUOUS MINER CARBIDE TIPPED,EA,CLS-5201,MCL Sambalpur,45,575.14,Vendor-552,CLU-0045,Continuous Miner Cutting Bit Carbide Tip,NMC-100045
179,NTPC,NTPC-316881,INDUSTRIAL SAFETY HELMET HDPE (HDPE SAFETY HELMET WITH CHIN STRAP),HDPE SAFETY HELMET WITH CHIN STRAP,EA,CLS-1320,Ramagundam STPS,204,421.45,Vendor-698,CLU-0013,Industrial Safety Helmet HDPE,NMC-100013
180,CPCL,CPCL-886931,CHAIN LINK FENCING GI 6FT HEIGHT (GI FENCING 1.8M HT CHAINLINK),GI FENCING 1.8M HT CHAINLINK,M,CLS-6511,Cauvery Basin Refinery,296,344.79,Vendor-488,CLU-0016,Chain Link Fencing GI 6ft Height,NMC-100016
181,CPCL,CPCL-771088,"BALL VALVE CARBON STEEL 2 INCH CLASS 300 (2"" #300 CS FLANGED)","2"" #300 CS FLANGED",PCS,CLS-1916,Manali Refinery,355,13512.81,Vendor-886,CLU-0002,Ball Valve Carbon Steel 2 Inch Class 300,NMC-100002
182,SAIL,SAIL-836996,EXTINGUISHER CO2 4.5 KG PORTABLE FIRE EXTINGUISHER CO2 TYPE 4.5KG,EXTINGUISHER CO2 4.5 KG PORTABLE,PCS,CLS-2976,Rourkela Steel Plant,143,3419.87,Vendor-336,CLU-0017,Fire Extinguisher CO2 Type 4.5kg,NMC-100017
183,CIL,CIL-245095,SLING WR 12MM 6X37 IWRC WIRE ROPE SLING 12MM 6X37 CONSTRUCTION,SLING WR 12MM 6X37 IWRC,MTR,CLS-4505,SECL Bilaspur,123,195.76,Vendor-256,CLU-0012,Wire Rope Sling 12mm 6x37 Construction,NMC-100012
184,NTPC,NTPC-738720,2 INCH CLASS 300 CARBON STEEL BALL VALVE CARBON STEEL 2 INCH CLASS 300,2 INCH CLASS 300 CARBON STEEL,EA,CLS-3677,Korba STPS,92,17080.38,Vendor-350,CLU-0002,Ball Valve Carbon Steel 2 Inch Class 300,NMC-100002
185,HPCL,HPC-524707,"8"" BLIND FLANGE CS #150 BLIND FLANGE CARBON STEEL 8 INCH CLASS 150","8"" BLIND FLANGE CS #150",EA,CLS-8538,Visakh Refinery,499,2636.69,Vendor-920,CLU-0031,Blind Flange Carbon Steel 8 Inch Class 150,NMC-100031
186,ONGC,ONG-903265,TURBINE BLADE STEAM TURBINE LP STAGE (LP STAGE TURBINE BLADE),LP STAGE TURBINE BLADE,EACH,CLS-1550,Mumbai High Offshore,128,38395.31,Vendor-203,CLU-0049,Turbine Blade Steam Turbine LP Stage,NMC-100049
187,ONGC,ONG-643878,CONT MINER CUTT BIT CM CUTTING BIT TUNGSTEN CARBIDE,CM CUTTING BIT TUNGSTEN CARBIDE,NOS,CLS-8837,Mumbai High Offshore,292,561.28,Vendor-778,CLU-0045,Continuous Miner Cutting Bit Carbide Tip,NMC-100045
188,CIL,CIL-627290,INDUSTRIAL GEAR OIL ISO VG 220 210L DRUM - GEAR OIL ISO VG 220 DRUM 210 LITRE,GEAR OIL ISO VG 220 DRUM 210 LITRE,L,CLS-5982,SECL Bilaspur,430,181.04,Vendor-256,CLU-0041,Industrial Gear Oil ISO VG 220 210L Drum,NMC-100041
189,ONGC,ONG-883790,5HP SUBM DEWATERING PUMP SUBMERSIBLE DEWATERING PUMP 5HP,5HP SUBM DEWATERING PUMP,PCS,CLS-9837,Ankleshwar Asset,94,32027.82,Vendor-905,CLU-0024,Submersible Dewatering Pump 5HP,NMC-100024
190,HPCL,HPC-803787,LEVEL TRAN RADAR TYPE RADAR TYPE LT 4-20MA HART,RADAR TYPE LT 4-20MA HART,EA,CLS-3621,Mumbai Refinery,191,81046.88,Vendor-867,CLU-0038,Level Transmitter Radar Type 4-20mA,NMC-100038
191,CIL,CIL-814919,NITRILE RUBBER O-RING 50X3MM (O RING 50MM ID X 3MM NITRILE),O RING 50MM ID X 3MM NITRILE,EACH,CLS-7267,SECL Bilaspur,92,18.75,Vendor-724,CLU-0023,Nitrile Rubber O-Ring 50x3mm,NMC-100023
192,ONGC,ONG-700383,CRUSHER JAW PLATE MANGANESE STEEL - JAW PLATE CRUSHER HIGH MANGANESE STEEL,JAW PLATE CRUSHER HIGH MANGANESE STEEL,EA,CLS-6139,Rajahmundry Asset,61,20723.53,Vendor-551,CLU-0044,Crusher Jaw Plate Manganese Steel,NMC-100044
193,CIL,CIL-929538,MECHANICAL FACE SEAL CARTRIDGE TYPE 75MM - CART. SEAL 75MM SIC/SIC,CART. SEAL 75MM SIC/SIC,EA,CLS-9444,SECL Bilaspur,458,13173.37,Vendor-417,CLU-0037,Mechanical Face Seal Cartridge Type 75mm,NMC-100037
194,SAIL,SAIL-203225,NITR RUBB O-RI 50X3 O RING 50MM ID X 3MM NITRILE,O RING 50MM ID X 3MM NITRILE,NO,CLS-3725,Bokaro Steel Plant,365,53.63,Vendor-554,CLU-0023,Nitrile Rubber O-Ring 50x3mm,NMC-100023
195,CIL,CIL-332311,PLUG VALVE PTFE LINED 3 INCH (3IN PTFE LINED PLUG VLV),3IN PTFE LINED PLUG VLV,EACH,CLS-9543,MCL Sambalpur,27,28726.59,Vendor-987,CLU-0028,Plug Valve PTFE Lined 3 Inch,NMC-100028
196,SAIL,SAIL-970068,TIMI BELT HTD 8M TIMING BELT HTD 8M WIDTH 30MM,TIMING BELT HTD 8M WIDTH 30MM,PCS,CLS-8685,Rourkela Steel Plant,361,1763.55,Vendor-877,CLU-0035,Timing Belt HTD 8M 30mm Width,NMC-100035
197,SAIL,SAIL-855855,REDU CONC CARB STEEL 6X4IN CS CONC REDUCER,6X4IN CS CONC REDUCER,EACH,CLS-7779,Bhilai Steel Plant,225,1567.64,Vendor-333,CLU-0029,Reducer Concentric Carbon Steel 6x4 Inch,NMC-100029
198,BPCL,BPC-582087,BLIND FLANGE CARBON STEEL 8 INCH CLASS 150 (8IN 150# CS BLIND FLG),8IN 150# CS BLIND FLG,EA,CLS-7626,Mumbai Refinery,446,2595.71,Vendor-539,CLU-0031,Blind Flange Carbon Steel 8 Inch Class 150,NMC-100031
199,SAIL,SAIL-139286,LADLE REFRACTORY LINING BRICK MGO-C - MGO-C BRICK FOR LADLE LINING,MGO-C BRICK FOR LADLE LINING,PCS,CLS-6489,Bhilai Steel Plant,157,640.78,Vendor-209,CLU-0046,Ladle Refractory Lining Brick MgO-C,NMC-100046
200,ONGC,ONG-796101,E7018 3.15MM ELECTRODE WELDING ELECTRODE E7018 3.15MM,E7018 3.15MM ELECTRODE,KILOGRAM,CLS-4848,Rajahmundry Asset,322,333.8,Vendor-938,CLU-0011,Welding Electrode E7018 3.15mm,NMC-100011
201,CIL,CIL-585494,TURB BLADE STEAM TURB LP STAGE TURBINE BLADE,LP STAGE TURBINE BLADE,PCS,CLS-7214,MCL Sambalpur,373,60388.95,Vendor-644,CLU-0049,Turbine Blade Steam Turbine LP Stage,NMC-100049
202,ONGC,ONG-277735,CONVEYOR BELT RUBBER 1200MM WIDTH EP200,-,MET,CLS-3390,Mumbai High Offshore,18,1742.04,Vendor-604,CLU-0062,Conveyor Belt Rubber 1200mm Width EP200,NMC-100062
203,NTPC,NTPC-127537,ANTI-CORROSION EPOXY COATING 20L DRUM,-,LTR,CLS-6315,Vindhyachal STPS,23,577.11,Vendor-711,CLU-0060,Anti-Corrosion Epoxy Coating 20L Drum,NMC-100060
204,SAIL,SAIL-438977,DG SET AIR FILTER ELEMENT DIESEL GENERATOR AIR FILTER ELEMENT,DG SET AIR FILTER ELEMENT,PCS,CLS-1018,Bhilai Steel Plant,400,1246.68,Vendor-626,CLU-0020,Diesel Generator Air Filter Element,NMC-100020
205,CPCL,CPCL-555884,SEAM PIPE CARB STEEL DN150 SCH40 CS SMLS,DN150 SCH40 CS SMLS,MTRS,CLS-5315,Manali Refinery,237,2012.98,Vendor-839,CLU-0004,Seamless Pipe Carbon Steel Sch 40 6 Inch,NMC-100004
206,CPCL,CPCL-301255,EXCAVATOR BUCKET TEETH TUNGSTEN CARBIDE - WC EXCAVATOR BUCKET TEETH,WC EXCAVATOR BUCKET TEETH,NOS,CLS-7502,Cauvery Basin Refinery,422,3417.76,Vendor-914,CLU-0053,Excavator Bucket Teeth Tungsten Carbide,NMC-100053
207,NTPC,NTPC-114594,INDU GRADE NUT BOLT 20MM X 80MM SS316 NUT BOLT,20MM X 80MM SS316 NUT BOLT,SETS,CLS-5295,Ramagundam STPS,279,107.19,Vendor-477,CLU-0025,Industrial Grade Nut Bolt Set M20x80 SS316,NMC-100025
208,IOCL,IOC-287143,STEAM TURBINE BLADE LOW PRESSURE STAGE TURBINE BLADE STEAM TURBINE LP STAGE,STEAM TURBINE BLADE LOW PRESSURE STAGE,EA,CLS-4648,Haldia Refinery,206,59374.77,Vendor-845,CLU-0049,Turbine Blade Steam Turbine LP Stage,NMC-100049
209,HPCL,HPC-892630,LADLE REFRACTORY LINING BRICK MGO-C (MGO-C BRICK FOR LADLE LINING),MGO-C BRICK FOR LADLE LINING,NOS,CLS-2465,Mumbai Refinery,169,471.25,Vendor-160,CLU-0046,Ladle Refractory Lining Brick MgO-C,NMC-100046
210,HPCL,HPC-114768,CCM CU MOULD PLATE ASSEMBLY CONTINUOUS CASTING MOULD COPPER PLATE,CCM CU MOULD PLATE ASSEMBLY,NOS,CLS-4164,Mumbai Refinery,409,130154.12,Vendor-790,CLU-0047,Continuous Casting Mould Copper Plate,NMC-100047
211,CIL,CIL-569945,CHAIN LINK FENCING GI 6FT HEIGHT (CHAIN LINK FENCE GI 6 FEET HT 4MM WIRE),CHAIN LINK FENCE GI 6 FEET HT 4MM WIRE,MET,CLS-4986,SECL Bilaspur,52,259.44,Vendor-514,CLU-0016,Chain Link Fencing GI 6ft Height,NMC-100016
212,IOCL,IOC-378258,GLOBE VALVE FORG STEEL DN40 PN135 FS GLOBE,DN40 PN135 FS GLOBE,NOS,CLS-2862,Panipat Refinery,69,14900.62,Vendor-638,CLU-0027,Globe Valve Forged Steel 1.5 Inch Class 800,NMC-100027
213,IOCL,IOC-447235,BUTTERFLY VALVE CAST IRON 8 INCH WAFER TYPE (DN200 WAFER CI BUTTERFLY VLV),DN200 WAFER CI BUTTERFLY VLV,EACH,CLS-3925,Panipat Refinery,64,18278.54,Vendor-367,CLU-0010,Butterfly Valve Cast Iron 8 Inch Wafer Type,NMC-100010
214,BPCL,BPC-186023,EXPLOSION PROOF LED FLOOD LIGHT 100W,-,EA,CLS-3527,Kochi Refinery,10,5900.0,Vendor-902,CLU-0057,Explosion Proof LED Flood Light 100W,NMC-100057
215,SAIL,SAIL-837954,ELECTROSTATIC PRECIPITATOR COLLECTING ELECTRODE PLATE - COLLECTING ELECTRODE PLATE FOR ESP,COLLECTING ELECTRODE PLATE FOR ESP,EACH,CLS-6269,Bhilai Steel Plant,208,7533.2,Vendor-665,CLU-0051,Electrostatic Precipitator Collecting Electrode Plate,NMC-100051
216,NTPC,NTPC-956375,ROLL CHAIN 16B-1 SIMP ROLLER CHAIN TYPE 16B-1,ROLLER CHAIN TYPE 16B-1,M,CLS-7797,Ramagundam STPS,457,509.75,Vendor-127,CLU-0034,Roller Chain 16B-1 Simplex,NMC-100034
217,IOCL,IOC-555791,LONGWALL SHEARER CUTTING PICK TUNGSTEN CARBIDE,-,NOS,CLS-2260,Gujarat Refinery,27,639.8,Vendor-901,CLU-0063,Longwall Shearer Cutting Pick Tungsten Carbide,NMC-100063
218,CPCL,CPCL-540226,ELBOW 90 DEGREE CARBON STEEL 4 INCH SCH40 - 4IN 90DEG CS SCH40 ELBOW,4IN 90DEG CS SCH40 ELBOW,NO,CLS-6314,Cauvery Basin Refinery,179,704.63,Vendor-419,CLU-0030,Elbow 90 Degree Carbon Steel 4 Inch Sch40,NMC-100030
219,BPCL,BPC-584106,CHAIN ROLLER 16B SIMPLEX PITCH 25.4MM ROLLER CHAIN 16B-1 SIMPLEX,CHAIN ROLLER 16B SIMPLEX PITCH 25.4MM,MET,CLS-7859,Kochi Refinery,403,529.12,Vendor-640,CLU-0034,Roller Chain 16B-1 Simplex,NMC-100034
220,SAIL,SAIL-202365,LONGWALL ROOF SUPPORT HYDRAULIC PROP,-,NO,CLS-2100,Rourkela Steel Plant,47,163611.59,Vendor-426,CLU-0079,Longwall Roof Support Hydraulic Prop,NMC-100079
221,SAIL,SAIL-400850,WELD ELEC E7018 3.15 ELECT E7018 3.15 MM LOW HYDROGEN,ELECT E7018 3.15 MM LOW HYDROGEN,KGS,CLS-6279,Bhilai Steel Plant,225,446.44,Vendor-721,CLU-0011,Welding Electrode E7018 3.15mm,NMC-100011
222,CIL,CIL-716113,SUBMERSIBLE DEWATERING PUMP 5HP (5HP SUBM DEWATERING PUMP),5HP SUBM DEWATERING PUMP,PCS,CLS-5097,NCL Singrauli,332,58671.02,Vendor-806,CLU-0024,Submersible Dewatering Pump 5HP,NMC-100024
223,ONGC,ONG-607868,RUBBER EXPANSION JOINT 8 INCH FLANGED (EXPANSION JOINT RUBBER 8 INCH FLANGED),EXPANSION JOINT RUBBER 8 INCH FLANGED,EACH,CLS-7180,Ankleshwar Asset,175,12174.93,Vendor-656,CLU-0022,Rubber Expansion Joint 8 Inch Flanged,NMC-100022
224,CPCL,CPCL-468154,BLIND FLANGE CARBON STEEL 8 INCH CLASS 150 - 8IN 150# CS BLIND FLG,8IN 150# CS BLIND FLG,PCS,CLS-4232,Manali Refinery,125,1859.82,Vendor-362,CLU-0031,Blind Flange Carbon Steel 8 Inch Class 150,NMC-100031
225,BPCL,BPC-196781,"VBELT TYPE A LENGTH 63"" V-BELT A SECTION 63 INCH","VBELT TYPE A LENGTH 63""",EA,CLS-6464,Kochi Refinery,429,246.84,Vendor-103,CLU-0008,V-Belt A Section 63 Inch,NMC-100008
226,ONGC,ONG-258189,STUDDED BOLT WITH 2 NUTS B7 M24X180 (24MM X 180MM B7 STUD SET),24MM X 180MM B7 STUD SET,ST,CLS-6626,Mumbai High Offshore,235,251.75,Vendor-957,CLU-0032,Studded Bolt with 2 Nuts B7 M24x180,NMC-100032
227,BPCL,BPC-943718,DEWATERING PUMP SUBMERSIBLE 5HP SUBMERSIBLE DEWATERING PUMP 5HP,DEWATERING PUMP SUBMERSIBLE 5HP,EA,CLS-3588,Kochi Refinery,466,35067.11,Vendor-659,CLU-0024,Submersible Dewatering Pump 5HP,NMC-100024
228,BPCL,BPC-831380,"8"" RUBBER EXPANSION JOINT FLANGE TYPE RUBBER EXPANSION JOINT 8 INCH FLANGED","8"" RUBBER EXPANSION JOINT FLANGE TYPE",NOS,CLS-7730,Mumbai Refinery,297,9978.62,Vendor-976,CLU-0022,Rubber Expansion Joint 8 Inch Flanged,NMC-100022
229,BPCL,BPC-536196,REDUCER CONCENTRIC CARBON STEEL 6X4 INCH (DN150XDN100 CS RED CONC),DN150XDN100 CS RED CONC,NO,CLS-5176,Mumbai Refinery,165,1525.5,Vendor-781,CLU-0029,Reducer Concentric Carbon Steel 6x4 Inch,NMC-100029
230,ONGC,ONG-877236,V BELT A-63 SECTION V-BELT A SECTION 63 INCH,V BELT A-63 SECTION,NOS,CLS-1158,Ankleshwar Asset,287,396.98,Vendor-674,CLU-0008,V-Belt A Section 63 Inch,NMC-100008
231,ONGC,ONG-620306,LEVEL TX RADAR 4-20 MA OUTPUT LEVEL TRANSMITTER RADAR TYPE 4-20MA,LEVEL TX RADAR 4-20 MA OUTPUT,NOS,CLS-9507,Rajahmundry Asset,259,69387.75,Vendor-916,CLU-0038,Level Transmitter Radar Type 4-20mA,NMC-100038
232,IOCL,IOC-979414,CIRCUIT BREAKER VACUUM TYPE 11KV INDOOR (11KV VCB INDOOR TYPE),11KV VCB INDOOR TYPE,NOS,CLS-7499,Panipat Refinery,179,301292.19,Vendor-728,CLU-0055,Circuit Breaker Vacuum Type 11kV Indoor,NMC-100055
233,HPCL,HPC-540869,WELDING ELECTRODE E7018 3.15MM - 3.15 MM E-7018 ELECTRODE,3.15 MM E-7018 ELECTRODE,KG,CLS-5930,Mumbai Refinery,351,437.03,Vendor-278,CLU-0011,Welding Electrode E7018 3.15mm,NMC-100011
234,IOCL,IOC-723398,CENTRIFUGAL PUMP MECHANICAL SEAL 50MM - 50MM MECH SEAL SIC/SIC,50MM MECH SEAL SIC/SIC,EACH,CLS-9565,Panipat Refinery,322,4442.81,Vendor-773,CLU-0007,Centrifugal Pump Mechanical Seal 50mm,NMC-100007
235,ONGC,ONG-398151,FIRE EXTI CO2 TYPE CO2 FIRE EXT 4.5KG,CO2 FIRE EXT 4.5KG,EACH,CLS-1841,Ankleshwar Asset,250,3821.41,Vendor-288,CLU-0017,Fire Extinguisher CO2 Type 4.5kg,NMC-100017
236,IOCL,IOC-443254,1IN 2WB HYD HOSE SAE100R2 FLEXIBLE HYDRAULIC HOSE 1 INCH 2 WIRE BRAID,1IN 2WB HYD HOSE SAE100R2,MET,CLS-7211,Panipat Refinery,237,661.48,Vendor-879,CLU-0014,Flexible Hydraulic Hose 1 Inch 2 Wire Braid,NMC-100014
237,CPCL,CPCL-802258,50MM SEAL SIC-SIC-VITON CENTRIFUGAL PUMP MECHANICAL SEAL 50MM,50MM SEAL SIC-SIC-VITON,NOS,CLS-5915,Cauvery Basin Refinery,127,6554.57,Vendor-234,CLU-0007,Centrifugal Pump Mechanical Seal 50mm,NMC-100007
238,CPCL,CPCL-498855,COUPLING FLEXIBLE PIN BUSH TYPE 100MM - COUPLING FLEX PIN BUSH TYPE 100MM DIA,COUPLING FLEX PIN BUSH TYPE 100MM DIA,EACH,CLS-8025,Cauvery Basin Refinery,470,5656.33,Vendor-980,CLU-0018,Coupling Flexible Pin Bush Type 100mm,NMC-100018
239,CIL,CIL-320861,A SECTION 63IN V BELT V-BELT A SECTION 63 INCH,A SECTION 63IN V BELT,EACH,CLS-5325,MCL Sambalpur,180,221.26,Vendor-749,CLU-0008,V-Belt A Section 63 Inch,NMC-100008
240,IOCL,IOC-732209,ELECTROSTATIC PRECIPITATOR COLLECTING ELECTRODE PLATE (ESP PLATE COLLECTING ELECTRODE MS),ESP PLATE COLLECTING ELECTRODE MS,EACH,CLS-4555,Panipat Refinery,452,2900.31,Vendor-923,CLU-0051,Electrostatic Precipitator Collecting Electrode Plate,NMC-100051
241,CIL,CIL-946721,HEX HEAD BOLT SS304 M16X60 - HEX BOLT M16-60 SS304,HEX BOLT M16-60 SS304,NO,CLS-8062,NCL Singrauli,102,29.43,Vendor-774,CLU-0005,Hex Head Bolt SS304 M16x60,NMC-100005
242,CIL,CIL-681242,STUDDED BOLT WITH 2 NUTS B7 M24X180 (STUDDED BOLT ASTM A193 B7 M24-180),STUDDED BOLT ASTM A193 B7 M24-180,ST,CLS-4084,MCL Sambalpur,463,220.51,Vendor-929,CLU-0032,Studded Bolt with 2 Nuts B7 M24x180,NMC-100032
243,HPCL,HPC-197992,THRUST BALL BEARING 51210 - TBB 51210,TBB 51210,EACH,CLS-6060,Mumbai Refinery,265,1659.84,Vendor-471,CLU-0033,Thrust Ball Bearing 51210,NMC-100033
244,ONGC,ONG-667451,WATER COOLED CU TUYERE BF BLAST FURNACE TUYERE COPPER WATER COOLED,WATER COOLED CU TUYERE BF,EA,CLS-1519,Mumbai High Offshore,483,167306.21,Vendor-583,CLU-0048,Blast Furnace Tuyere Copper Water Cooled,NMC-100048
245,HPCL,HPC-410636,FIRE EXTI CO2 TYPE 4.5KG CO2 TYPE EXTINGUISHER ISI,4.5KG CO2 TYPE EXTINGUISHER ISI,NOS,CLS-9751,Visakh Refinery,189,3038.32,Vendor-114,CLU-0017,Fire Extinguisher CO2 Type 4.5kg,NMC-100017
246,BPCL,BPC-153642,STEEL WIRE MESH SCRE WOVEN WIRE SCREEN 10MM OPENING,WOVEN WIRE SCREEN 10MM OPENING,MET,CLS-7329,Mumbai Refinery,190,2472.41,Vendor-175,CLU-0043,Steel Wire Mesh Screen 10mm Aperture,NMC-100043
247,NTPC,NTPC-568849,LEVEL TRANSMITTER RADAR TYPE 4-20MA (LEVEL TRANSMITTER RADAR TYPE 4 TO 20 MA),LEVEL TRANSMITTER RADAR TYPE 4 TO 20 MA,PCS,CLS-8126,Vindhyachal STPS,377,109602.97,Vendor-461,CLU-0038,Level Transmitter Radar Type 4-20mA,NMC-100038
248,BPCL,BPC-145649,CENTRIFUGAL PUMP IMPELLER CF8M 250MM DIA (250MM CF8M IMPELLER),250MM CF8M IMPELLER,NO,CLS-6850,Kochi Refinery,196,12312.05,Vendor-116,CLU-0036,Centrifugal Pump Impeller CF8M 250mm Dia,NMC-100036
249,NTPC,NTPC-414353,CRUSHER JAW PLATE MANGANESE STEEL (CRUSHER JAW LINER MN-STEEL CAST),CRUSHER JAW LINER MN-STEEL CAST,EACH,CLS-2795,Ramagundam STPS,422,15499.11,Vendor-439,CLU-0044,Crusher Jaw Plate Manganese Steel,NMC-100044
250,CIL,CIL-299312,BUTTERFLY VALVE CAST IRON 8 INCH WAFER TYPE (8IN WAFER CI BUTTERFLY),8IN WAFER CI BUTTERFLY,EACH,CLS-9518,NCL Singrauli,27,15922.99,Vendor-101,CLU-0010,Butterfly Valve Cast Iron 8 Inch Wafer Type,NMC-100010
251,SAIL,SAIL-903373,THRUST BALL BEARING 51210 - BEARING 51210 THRUST TYPE,BEARING 51210 THRUST TYPE,PCS,CLS-3538,Rourkela Steel Plant,103,1375.74,Vendor-240,CLU-0033,Thrust Ball Bearing 51210,NMC-100033
252,ONGC,ONG-963874,INDU GRADE NUT BOLT NUT-BOLT SET M20 X 80 MM SS 316,NUT-BOLT SET M20 X 80 MM SS 316,ST,CLS-7689,Ankleshwar Asset,470,234.24,Vendor-764,CLU-0025,Industrial Grade Nut Bolt Set M20x80 SS316,NMC-100025
253,NTPC,NTPC-809489,CONT MINER CUTT BIT COAL CUTTING PICK CARBIDE TIP TYPE,COAL CUTTING PICK CARBIDE TIP TYPE,EACH,CLS-6654,Korba STPS,199,932.24,Vendor-504,CLU-0045,Continuous Miner Cutting Bit Carbide Tip,NMC-100045
254,HPCL,HPC-402218,DIESEL GENERATOR AIR FILTER ELEMENT (GENSET AIR FILTER CARTRIDGE),GENSET AIR FILTER CARTRIDGE,NO,CLS-8451,Mumbai Refinery,421,1816.8,Vendor-137,CLU-0020,Diesel Generator Air Filter Element,NMC-100020
255,ONGC,ONG-125755,OXYGEN GAS CYLINDER 47 LITRE INDUSTRIAL GRADE,-,PCS,CLS-2901,Ankleshwar Asset,7,3893.1,Vendor-187,CLU-0077,Oxygen Gas Cylinder 47 Litre Industrial Grade,NMC-100077
256,IOCL,IOC-767678,TRANSFORMER BUSHING OIL FILLED 33KV (OIL-FILLED BUSHING 33 KV TRANSFORMER),OIL-FILLED BUSHING 33 KV TRANSFORMER,EA,CLS-8109,Panipat Refinery,364,58852.19,Vendor-611,CLU-0054,Transformer Bushing Oil Filled 33kV,NMC-100054
257,CPCL,CPCL-538446,GREASE LITHIUM COMPLEX EP2 180KG DRUM (180KG DRUM EP2 LI-COMPLEX GREASE),180KG DRUM EP2 LI-COMPLEX GREASE,KILOGRAM,CLS-6364,Manali Refinery,497,323.06,Vendor-263,CLU-0042,Grease Lithium Complex EP2 180kg Drum,NMC-100042
258,ONGC,ONG-462147,180KG DRUM EP2 LI-COMPLEX GREASE GREASE LITHIUM COMPLEX EP2 180KG DRUM,180KG DRUM EP2 LI-COMPLEX GREASE,KILOGRAM,CLS-2739,Ankleshwar Asset,71,302.13,Vendor-627,CLU-0042,Grease Lithium Complex EP2 180kg Drum,NMC-100042
259,ONGC,ONG-495019,THRUST BALL BEARING 51210 - TBB 51210,TBB 51210,EACH,CLS-3712,Mumbai High Offshore,88,1279.78,Vendor-809,CLU-0033,Thrust Ball Bearing 51210,NMC-100033
260,CIL,CIL-659572,ELECTROSTATIC PRECIPITATOR COLLECTING ELECTRODE PLATE (ESP PLATE COLLECTING ELECTRODE MS),ESP PLATE COLLECTING ELECTRODE MS,NO,CLS-9401,MCL Sambalpur,188,4196.32,Vendor-468,CLU-0051,Electrostatic Precipitator Collecting Electrode Plate,NMC-100051
261,IOCL,IOC-788637,REDUCER CONCENTRIC CARBON STEEL 6X4 INCH - 6X4IN CS CONC REDUCER,6X4IN CS CONC REDUCER,NOS,CLS-7022,Gujarat Refinery,119,2240.37,Vendor-458,CLU-0029,Reducer Concentric Carbon Steel 6x4 Inch,NMC-100029
262,BPCL,BPC-468845,INDUSTRIAL SAFETY HELMET HDPE (HDPE SAFETY HELMET WITH CHIN STRAP),HDPE SAFETY HELMET WITH CHIN STRAP,EA,CLS-7865,Kochi Refinery,390,267.0,Vendor-955,CLU-0013,Industrial Safety Helmet HDPE,NMC-100013
263,NTPC,NTPC-366817,BLAST FURN TUYE COPP BLAST FURNACE TUYERE CU-COOLED TYPE,BLAST FURNACE TUYERE CU-COOLED TYPE,NO,CLS-1742,Vindhyachal STPS,386,86148.16,Vendor-174,CLU-0048,Blast Furnace Tuyere Copper Water Cooled,NMC-100048
264,NTPC,NTPC-839485,8IN RUBBER EXP JOINT FLGD RUBBER EXPANSION JOINT 8 INCH FLANGED,8IN RUBBER EXP JOINT FLGD,NO,CLS-3492,Ramagundam STPS,202,17849.38,Vendor-911,CLU-0022,Rubber Expansion Joint 8 Inch Flanged,NMC-100022
265,SAIL,SAIL-347231,ROLLER CHAIN 16B-1 SIMPLEX (16B-1 ROLLER CHAIN SIMPLEX),16B-1 ROLLER CHAIN SIMPLEX,MTRS,CLS-6221,Rourkela Steel Plant,46,524.95,Vendor-128,CLU-0034,Roller Chain 16B-1 Simplex,NMC-100034
266,CPCL,CPCL-668507,PRES SAFE VALVE 2X3 DN50XDN80 PSV SET 10BAR,DN50XDN80 PSV SET 10BAR,EACH,CLS-3852,Cauvery Basin Refinery,461,29098.4,Vendor-261,CLU-0040,Pressure Safety Valve 2x3 Inch Set 10 Bar,NMC-100040
267,HPCL,HPC-828716,DEMULSIFIER CHEMICAL FOR CRUDE OIL TREATMENT,-,LITRE,CLS-7161,Mumbai Refinery,37,1047.38,Vendor-433,CLU-0068,Demulsifier Chemical for Crude Oil Treatment,NMC-100068
268,SAIL,SAIL-943170,WIRE ROPE SLING 12MM 6X37 CONSTRUCTION - 12 MM WIRE ROPE 6X37 SLING TYPE,12 MM WIRE ROPE 6X37 SLING TYPE,M,CLS-5082,Bokaro Steel Plant,270,216.14,Vendor-670,CLU-0012,Wire Rope Sling 12mm 6x37 Construction,NMC-100012
269,NTPC,NTPC-265409,V BELT A-63 SECTION V-BELT A SECTION 63 INCH,V BELT A-63 SECTION,PCS,CLS-9666,Ramagundam STPS,431,340.13,Vendor-409,CLU-0008,V-Belt A Section 63 Inch,NMC-100008
270,BPCL,BPC-225812,DN100 90DEG SCH40 CS LR ELBOW ELBOW 90 DEGREE CARBON STEEL 4 INCH SCH40,DN100 90DEG SCH40 CS LR ELBOW,PCS,CLS-3116,Mumbai Refinery,259,1471.12,Vendor-279,CLU-0030,Elbow 90 Degree Carbon Steel 4 Inch Sch40,NMC-100030
271,ONGC,ONG-440131,NITR RUBB O-RI 50X3 NBR O-RING ID50 CS3,NBR O-RING ID50 CS3,EA,CLS-3385,Mumbai High Offshore,155,27.92,Vendor-541,CLU-0023,Nitrile Rubber O-Ring 50x3mm,NMC-100023
272,HPCL,HPC-503380,DEWATERING PUMP SUBMERSIBLE 5HP SUBMERSIBLE DEWATERING PUMP 5HP,DEWATERING PUMP SUBMERSIBLE 5HP,NOS,CLS-6881,Mumbai Refinery,59,33302.2,Vendor-685,CLU-0024,Submersible Dewatering Pump 5HP,NMC-100024
273,ONGC,ONG-717889,"SPIRAL WOUND GASKET SS316 4 INCH CLASS 150 - 4"" #150 SS-316","4"" #150 SS-316",NO,CLS-3615,Ankleshwar Asset,419,801.98,Vendor-877,CLU-0001,Spiral Wound Gasket SS316 4 Inch Class 150,NMC-100001
274,BPCL,BPC-228473,GREASE LITHIUM COMPLEX EP2 180KG DRUM - 180KG DRUM EP2 LI-COMPLEX GREASE,180KG DRUM EP2 LI-COMPLEX GREASE,KGS,CLS-1829,Kochi Refinery,235,199.58,Vendor-199,CLU-0042,Grease Lithium Complex EP2 180kg Drum,NMC-100042
275,IOCL,IOC-814281,LADLE REFRACTORY LINING BRICK MGO-C (LADLE LINING BRICK MAGNESIA CARBON),LADLE LINING BRICK MAGNESIA CARBON,EA,CLS-7666,Panipat Refinery,7,878.71,Vendor-261,CLU-0046,Ladle Refractory Lining Brick MgO-C,NMC-100046
276,SAIL,SAIL-925618,BLAST FURNACE TUYERE COPPER WATER COOLED - TUYERE COPPER WATER COOLED BLAST FURNACE,TUYERE COPPER WATER COOLED BLAST FURNACE,EACH,CLS-6927,Bhilai Steel Plant,274,113609.76,Vendor-820,CLU-0048,Blast Furnace Tuyere Copper Water Cooled,NMC-100048
277,CPCL,CPCL-579123,NITR RUBB O-RI 50X3 O-RING NITRILE 50 X 3 MM,O-RING NITRILE 50 X 3 MM,EACH,CLS-3529,Manali Refinery,374,17.21,Vendor-991,CLU-0023,Nitrile Rubber O-Ring 50x3mm,NMC-100023
278,SAIL,SAIL-982554,SEAM PIPE CARB STEEL 6 INCH SCHEDULE 40 CS SEAMLESS,6 INCH SCHEDULE 40 CS SEAMLESS,MTRS,CLS-7126,Bokaro Steel Plant,264,4435.88,Vendor-256,CLU-0004,Seamless Pipe Carbon Steel Sch 40 6 Inch,NMC-100004
279,IOCL,IOC-618934,STEEL WIRE MESH SCRE 10MM APERTURE WIRE MESH SCREEN,10MM APERTURE WIRE MESH SCREEN,MTRS,CLS-8710,Haldia Refinery,456,3138.55,Vendor-788,CLU-0043,Steel Wire Mesh Screen 10mm Aperture,NMC-100043
280,ONGC,ONG-538184,LADLE REFR LINI BRICK REFRACTORY BRICK MGO-CARBON LADLE LINING,REFRACTORY BRICK MGO-CARBON LADLE LINING,NOS,CLS-7504,Mumbai High Offshore,483,851.78,Vendor-956,CLU-0046,Ladle Refractory Lining Brick MgO-C,NMC-100046
281,SAIL,SAIL-622584,INSU COPP CABLE 3 PVC INS CU CABLE 3C 2.5MM2,PVC INS CU CABLE 3C 2.5MM2,M,CLS-7807,Bokaro Steel Plant,154,121.06,Vendor-379,CLU-0021,Insulated Copper Cable 3 Core 2.5 sqmm,NMC-100021
282,CPCL,CPCL-677596,INSULATED COPPER CABLE 3 CORE 2.5 SQMM - CABLE COPPER 3 CORE 2.5 SQ MM INSULATED,CABLE COPPER 3 CORE 2.5 SQ MM INSULATED,MTRS,CLS-2858,Manali Refinery,287,108.96,Vendor-330,CLU-0021,Insulated Copper Cable 3 Core 2.5 sqmm,NMC-100021
283,ONGC,ONG-735710,STEEL WIRE MESH SCREEN 10MM APERTURE (10 MM MESH SCREEN STEEL WIRE),10 MM MESH SCREEN STEEL WIRE,M,CLS-6218,Rajahmundry Asset,76,1954.32,Vendor-727,CLU-0043,Steel Wire Mesh Screen 10mm Aperture,NMC-100043
284,BPCL,BPC-139019,INDUSTRIAL GRADE NUT BOLT SET M20X80 SS316 - M20X80 SS316 NUT BOLT SET,M20X80 SS316 NUT BOLT SET,SET,CLS-9807,Kochi Refinery,257,105.55,Vendor-340,CLU-0025,Industrial Grade Nut Bolt Set M20x80 SS316,NMC-100025
285,NTPC,NTPC-493892,TURBINE BLADE STEAM TURBINE LP STAGE (LP TURBINE BLADE STEAM TURBINE),LP TURBINE BLADE STEAM TURBINE,NO,CLS-9835,Vindhyachal STPS,354,87669.38,Vendor-995,CLU-0049,Turbine Blade Steam Turbine LP Stage,NMC-100049
286,BPCL,BPC-153231,LADLE REFRACTORY LINING BRICK MGO-C - MGO-C LADLE REFRACTORY BRICK,MGO-C LADLE REFRACTORY BRICK,NOS,CLS-7771,Mumbai Refinery,331,439.7,Vendor-202,CLU-0046,Ladle Refractory Lining Brick MgO-C,NMC-100046
287,IOCL,IOC-349183,TIMI BELT HTD 8M HTD 8M TYPE TIMING BELT 30MM,HTD 8M TYPE TIMING BELT 30MM,PCS,CLS-8489,Gujarat Refinery,67,666.85,Vendor-529,CLU-0035,Timing Belt HTD 8M 30mm Width,NMC-100035
288,NTPC,NTPC-876039,COUP FLEX PIN BUSH PIN-BUSH COUPLING 100 MM,PIN-BUSH COUPLING 100 MM,EACH,CLS-4457,Vindhyachal STPS,490,7576.42,Vendor-740,CLU-0018,Coupling Flexible Pin Bush Type 100mm,NMC-100018
289,CPCL,CPCL-584045,CATALYST SUPPORT ALUMINA BALL 3MM,-,KILOGRAM,CLS-2133,Manali Refinery,29,429.19,Vendor-951,CLU-0070,Catalyst Support Alumina Ball 3mm,NMC-100070
290,CPCL,CPCL-464863,DIES GENE AIR FILT AIR FILTER ELE. DG SET SPARE,AIR FILTER ELE. DG SET SPARE,NO,CLS-3634,Cauvery Basin Refinery,175,1113.69,Vendor-207,CLU-0020,Diesel Generator Air Filter Element,NMC-100020
291,SAIL,SAIL-413814,CIRCUIT BREAKER VACUUM TYPE 11KV INDOOR (VACUUM CIRCUIT BREAKER 11 KV INDOOR),VACUUM CIRCUIT BREAKER 11 KV INDOOR,EA,CLS-7375,Bhilai Steel Plant,293,210118.05,Vendor-954,CLU-0055,Circuit Breaker Vacuum Type 11kV Indoor,NMC-100055
292,HPCL,HPC-793169,GLOBE VALVE FORGED STEEL 1.5 INCH CLASS 800 - DN40 PN135 FS GLOBE,DN40 PN135 FS GLOBE,EA,CLS-4898,Visakh Refinery,72,6178.32,Vendor-908,CLU-0027,Globe Valve Forged Steel 1.5 Inch Class 800,NMC-100027
293,BPCL,BPC-671015,STRUCTURAL STEEL ANGLE 75X75X6MM (MS ANGLE 75MM X 75MM X 6MM THK),MS ANGLE 75MM X 75MM X 6MM THK,MTR,CLS-3330,Mumbai Refinery,336,402.15,Vendor-372,CLU-0019,Structural Steel Angle 75x75x6mm,NMC-100019
